"Address","Content Type","Status Code","Status","Indexability","Indexability Status","Title 1","Title 1 Length","Title 1 Pixel Width","Meta Description 1","Meta Description 1 Length","Meta Description 1 Pixel Width","Meta Keywords 1","Meta Keywords 1 Length","H1-1","H1-1 Length","H2-1","H2-1 Length","H2-2","H2-2 Length","Meta Robots 1","X-Robots-Tag 1","Meta Refresh 1","Canonical Link Element 1","rel=""next"" 1","rel=""prev"" 1","HTTP rel=""next"" 1","HTTP rel=""prev"" 1","amphtml Link Element","Size (Bytes)","Transferred (Bytes)","Total Transferred (Bytes)","CO2 (mg)","Carbon Rating","Word Count","Sentence Count","Average Words Per Sentence","Flesch Reading Ease Score","Readability","Text Ratio","Crawl Depth","Folder Depth","Link Score","Inlinks","Unique Inlinks","Unique JS Inlinks","% of Total","Outlinks","Unique Outlinks","Unique JS Outlinks","External Outlinks","Unique External Outlinks","Unique External JS Outlinks","Closest Near Duplicate Match","No. Near Duplicates","Spelling Errors","Grammar Errors","Hash","Response Time","Last Modified","Redirect URL","Redirect Type","Cookies","Language","HTTP Version","Mobile Alternate Link","Closest Semantically Similar Address","Semantic Similarity Score","No. Semantically Similar","Semantic Relevance Score","URL Encoded Address","Crawl Timestamp"
"https://gympluscoffee.com/","text/html; charset=utf-8","200","OK","Indexable","","Gym+Coffee | Life-Ready Activewear Designed for Every Movement","62","598","Discover Gym+Coffee's premium activewear and everyday clothing, designed for every movement. Shop versatile styles that move seamlessly from workouts to everyday life.","167","1064","","0","Field Notes","11","Your recent searches","20","Recommended for you","19","","","","https://gympluscoffee.com/","","","","","","724608","93111","93111","13.799","","618","276","2.239","99.291","Very Easy","0.626","0","0","","69","35","0","100.000","177","90","0","6","3","0","","","","","6de3f4d0b70e76cb1b0a00be69bb09fc","0.468","","","","","en","1.1","","","","","","https://gympluscoffee.com/","2026-09-14 19:07:56"
"https://gympluscoffee.com/cdn/shop/files/ECOM-SNAP-POLAR-FLEECE-GLACIAL-BLUE-10.jpg?v=1787840345&width=48","image/jpeg","200","OK","Indexable","","","0","0","","0","0","","0","","0","","0","","0","","","","","","","","","","2105","2105","2105","0.312","","0","","","","","0.000","1","3","","0","0","0","0.000","0","0","0","0","0","0","","","","","","0.038","Wed, 09 Sep 2026 19:22:27 GMT","","","","","1.1","","","","","","https://gympluscoffee.com/cdn/shop/files/ECOM-SNAP-POLAR-FLEECE-GLACIAL-BLUE-10.jpg?v=1787840345&width=48","2026-09-14 19:07:58"
"https://gympluscoffee.com/cdn/shop/t/26/assets/theme-api.js?v=121018340242226185511783549184","text/javascript","200","OK","Non-Indexable","Canonicalised","","0","0","","0","0","","0","","0","","0","","0","","","","","","","","","","0","0","0","0.000","","0","","","","","0.000","1","5","","0","0","0","0.000","0","0","0","0","0","0","","","","","","0.057","Thu, 13 Aug 2026 03:22:53 GMT","","","","","1.1","","","","","","https://gympluscoffee.com/cdn/shop/t/26/assets/theme-api.js?v=121018340242226185511783549184","2026-09-14 19:07:58"
"https://gympluscoffee.com/cdn/shop/files/ECOM-MENS-RELENTLESS-7_-SHORTS-PETROL-BLUE-1.jpg?v=1786114229&width=48","image/jpeg","200","OK","Indexable","","","0","0","","0","0","","0","","0","","0","","0","","","","","","","","","","2201","2201","2201","0.326","","0","","","","","0.000","1","3","","0","0","0","0.000","0","0","0","0","0","0","","","","","","0.059","Mon, 14 Sep 2026 06:20:37 GMT","","","","","1.1","","","","","","https://gympluscoffee.com/cdn/shop/files/ECOM-MENS-RELENTLESS-7_-SHORTS-PETROL-BLUE-1.jpg?v=1786114229&width=48","2026-09-14 19:07:58"
"https://gympluscoffee.com/cdn/shopifycloud/storefront/assets/storefront/load_feature-1bd60354.js","text/javascript","200","OK","Non-Indexable","Canonicalised","","0","0","","0","0","","0","","0","","0","","0","","","","","","","","","","0","0","0","0.000","","0","","","","","0.000","1","5","","0","0","0","0.000","0","0","0","0","0","0","","","","","","0.060","Fri, 28 Aug 2026 03:25:39 GMT","","","","","1.1","","","","","","https://gympluscoffee.com/cdn/shopifycloud/storefront/assets/storefront/load_feature-1bd60354.js","2026-09-14 19:07:58"
"https://gympluscoffee.com/cdn/shop/files/ECOM-SIERRA-DRIFT-HOODIE-STORMY-BLUE-6.jpg?v=1786120862&width=48","image/jpeg","200","OK","Indexable","","","0","0","","0","0","","0","","0","","0","","0","","","","","","","","","","2491","2491","2491","0.369","","0","","","","","0.000","1","3","","0","0","0","0.000","0","0","0","0","0","0","","","","","","0.057","Wed, 09 Sep 2026 19:22:27 GMT","","","","","1.1","","","","","","https://gympluscoffee.com/cdn/shop/files/ECOM-SIERRA-DRIFT-HOODIE-STORMY-BLUE-6.jpg?v=1786120862&width=48","2026-09-14 19:07:58"
"https://gympluscoffee.com/cdn/shop/files/ECOM-SNAP-POLAR-FLEECE-PINK-BLOSSOM-11.jpg?v=1787839321&width=48","image/jpeg","200","OK","Indexable","","","0","0","","0","0","","0","","0","","0","","0","","","","","","","","","","2034","2034","2034","0.301","","0","","","","","0.000","1","3","","0","0","0","0.000","0","0","0","0","0","0","","","","","","0.052","Sun, 30 Aug 2026 13:34:48 GMT","","","","","1.1","","","","","","https://gympluscoffee.com/cdn/shop/files/ECOM-SNAP-POLAR-FLEECE-PINK-BLOSSOM-11.jpg?v=1787839321&width=48","2026-09-14 19:07:58"
"https://gympluscoffee.com/cdn/shop/collections/TOP-FILTER-BLOCK-JOGGERS-M.jpg?v=1784017945&width=48","image/jpeg","200","OK","Indexable","","","0","0","","0","0","","0","","0","","0","","0","","","","","","","","","","1278","1278","1278","0.189","","0","","","","","0.000","1","3","","0","0","0","0.000","0","0","0","0","0","0","","","","","","0.047","Sat, 05 Sep 2026 21:06:54 GMT","","","","","1.1","","","","","","https://gympluscoffee.com/cdn/shop/collections/TOP-FILTER-BLOCK-JOGGERS-M.jpg?v=1784017945&width=48","2026-09-14 19:07:58"
"https://gympluscoffee.com/cdn/shop/files/1-BRAS-TOPS-BANNER.jpg?v=1783589928&width=48","image/jpeg","200","OK","Indexable","","","0","0","","0","0","","0","","0","","0","","0","","","","","","","","","","2110","2110","2110","0.313","","0","","","","","0.000","1","3","","0","0","0","0.000","0","0","0","0","0","0","","","","","","0.047","Wed, 09 Sep 2026 19:22:28 GMT","","","","","1.1","","","","","","https://gympluscoffee.com/cdn/shop/files/1-BRAS-TOPS-BANNER.jpg?v=1783589928&width=48","2026-09-14 19:07:58"
"https://gympluscoffee.com/cdn/shop/files/ECOM-INDUSTRY-HIGH-COLLAR-NATURAL-9.jpg?v=1788470449&width=48","image/jpeg","200","OK","Indexable","","","0","0","","0","0","","0","","0","","0","","0","","","","","","","","","","2185","2185","2185","0.324","","0","","","","","0.000","1","3","","0","0","0","0.000","0","0","0","0","0","0","","","","","","0.045","Wed, 09 Sep 2026 19:22:27 GMT","","","","","1.1","","","","","","https://gympluscoffee.com/cdn/shop/files/ECOM-INDUSTRY-HIGH-COLLAR-NATURAL-9.jpg?v=1788470449&width=48","2026-09-14 19:07:58"
"https://gympluscoffee.com/cdn/shop/files/ECOM-UGC-ORLA-SNAP-COLLAR-MOCHA-3.png?v=1775810660&width=48","image/png","200","OK","Indexable","","","0","0","","0","0","","0","","0","","0","","0","","","","","","","","","","7103","7103","7103","1.053","","0","","","","","0.000","1","3","","0","0","0","0.000","0","0","0","0","0","0","","","","","","0.053","Fri, 04 Sep 2026 20:50:11 GMT","","","","","1.1","","","","","","https://gympluscoffee.com/cdn/shop/files/ECOM-UGC-ORLA-SNAP-COLLAR-MOCHA-3.png?v=1775810660&width=48","2026-09-14 19:07:58"
"https://gympluscoffee.com/cdn/shop/files/ECOM-DAILY-COLLARED-SWEATSHIRT-PALE-VANILLA-4.jpg?v=1788359786&width=48","image/jpeg","200","OK","Indexable","","","0","0","","0","0","","0","","0","","0","","0","","","","","","","","","","2499","2499","2499","0.370","","0","","","","","0.000","1","3","","0","0","0","0.000","0","0","0","0","0","0","","","","","","0.049","Wed, 09 Sep 2026 19:22:27 GMT","","","","","1.1","","","","","","https://gympluscoffee.com/cdn/shop/files/ECOM-DAILY-COLLARED-SWEATSHIRT-PALE-VANILLA-4.jpg?v=1788359786&width=48","2026-09-14 19:07:58"
"https://gympluscoffee.com/cdn/shop/files/ECOM-INDUSTRY-HALF-ZIP-FLEECE-BALLET-PINK-10.jpg?v=1788470222&width=600","image/jpeg","200","OK","Indexable","","","0","0","","0","0","","0","","0","","0","","0","","","","","","","","","","56511","56511","56511","8.375","","0","","","","","0.000","1","3","","0","0","0","0.000","0","0","0","0","0","0","","","","","","0.025","Tue, 08 Sep 2026 09:34:39 GMT","","","","","1.1","","","","","","https://gympluscoffee.com/cdn/shop/files/ECOM-INDUSTRY-HALF-ZIP-FLEECE-BALLET-PINK-10.jpg?v=1788470222&width=600","2026-09-14 19:07:58"
"https://gympluscoffee.com/collections/socks","text/html; charset=utf-8","200","OK","Indexable","","Sports Socks + Fun Socks | Gym+Coffee Athleisure Wear + Accessories","67","632","All-day comfort or performance-ready power? Check out the Gym+Coffee range of Sports Socks and Fun Casual socks. Perfect small gift for any fitness lover in your life!","167","1036","","0","Socks","5","Your recent searches","20","Recommended for you","19","","","","https://gympluscoffee.com/collections/socks","","","","","","419261","81553","81553","12.086","","286","118","2.424","95.815","Very Easy","0.652","1","1","","35","35","0","100.000","92","57","0","6","3","0","","","","","fa0f161451eadbaea59417a861974500","0.439","","","","","en","1.1","","","","","","https://gympluscoffee.com/collections/socks","2026-09-14 19:07:58"
"https://gympluscoffee.com/products/knit-half-zip-in-grape-noir-aw26","text/html; charset=utf-8","200","OK","Indexable","","Knit Half Zip in Fig – Gym+Coffee","33","299","Off-duty, perfected. Relaxed proportions, an easy fit and just the right amount of structure. This is effortless dressing at its best.","134","787","","0","Knit Half Zip in Fig","20","Your recent searches","20","Recommended for you","19","","","","https://gympluscoffee.com/products/knit-half-zip-in-grape-noir-aw26","","","","","","524008","95664","95664","14.177","","1274","331","3.849","100.000","Very Easy","1.466","1","1","","9","5","0","14.290","85","58","0","6","3","0","","","","","ae77c957012e9856314acd62564e2ece","0.444","","","","","en","1.1","","","","","","https://gympluscoffee.com/products/knit-half-zip-in-grape-noir-aw26","2026-09-14 19:07:58"
"https://gympluscoffee.com/collections/womens-sale","text/html; charset=utf-8","200","OK","Indexable","","Women's Sale | Gym+Coffee","25","253","Exclusive deals at Gym+Coffee! Save big on leggings, hoodies, tees, and more. Limited-time discounts on premium activewear—shop now before it’s too late!","153","961","","0","Women's Sale","12","Your recent searches","20","Recommended for you","19","","","","https://gympluscoffee.com/collections/womens-sale","https://gympluscoffee.com/collections/womens-sale?page=2","","","","","946826","112144","112144","16.620","","783","465","1.684","100.000","Very Easy","0.589","1","1","","70","35","0","100.000","180","105","0","6","3","0","","","","","d6bdccbeb6a15c009ac0cd25d27c2628","0.386","","","","","en","1.1","","","","","","https://gympluscoffee.com/collections/womens-sale","2026-09-14 19:07:58"
"https://gympluscoffee.com/cdn/shop/files/CAMPAIGN-ECOM-HOODED-FULL-ZIP-BALLET-PINK-1.jpg?v=1788691319&width=48","image/jpeg","200","OK","Indexable","","","0","0","","0","0","","0","","0","","0","","0","","","","","","","","","","2821","2821","2821","0.418","","0","","","","","0.000","1","3","","0","0","0","0.000","0","0","0","0","0","0","","","","","","0.024","Tue, 08 Sep 2026 09:10:52 GMT","","","","","1.1","","","","","","https://gympluscoffee.com/cdn/shop/files/CAMPAIGN-ECOM-HOODED-FULL-ZIP-BALLET-PINK-1.jpg?v=1788691319&width=48","2026-09-14 19:07:59"
"https://gympluscoffee.com/collections/gift-cards","text/html; charset=utf-8","200","OK","Indexable","","Gift Cards – Gym+Coffee","23","225","","0","0","","0","Gift Cards","10","Your recent searches","20","Recommended for you","19","","","","https://gympluscoffee.com/collections/gift-cards","","","","","","377070","78586","78586","11.646","","243","89","2.730","94.397","Very Easy","0.658","1","1","","35","35","0","100.000","86","58","0","6","3","0","","","","","f5bb76e1943d3e540f65c55f0d0c6177","0.398","","","","","en","1.1","","","","","","https://gympluscoffee.com/collections/gift-cards","2026-09-14 19:07:58"
"https://gympluscoffee.com/collections/leggings","text/html; charset=utf-8","200","OK","Indexable","","Leggings | Gym+Coffee UK","24","239","","0","0","","0","Leggings","8","Your recent searches","20","Recommended for you","19","","","","https://gympluscoffee.com/collections/leggings","","","","","","645808","94048","94048","13.938","","469","241","1.946","100.000","Very Easy","0.600","1","1","","36","35","0","100.000","126","78","0","6","3","0","","","","","1d39e8af189bfefdb3849cd5581fd962","0.476","","","","","en","1.1","","","","","","https://gympluscoffee.com/collections/leggings","2026-09-14 19:07:58"
"https://gympluscoffee.com/products/industry-fleece-hooded-full-zip-in-natural-aw26","text/html; charset=utf-8","200","OK","Indexable","","Industry Fleece Hooded Full Zip in Natural – Gym+Coffee","55","506","Your forever throw-on. The Industry Fleece Hooded Full Zip in Natural is the kind of cosy layer that works for coffee runs, country walks and everything in between.","164","998","","0","Industry Fleece Hooded Full Zip in Natural","42","Your recent searches","20","Recommended for you","19","","","","https://gympluscoffee.com/products/industry-fleece-hooded-full-zip-in-natural-aw26","","","","","","458071","88184","88184","13.069","","605","151","4.007","100.000","Very Easy","0.907","1","1","","7","4","0","11.430","85","58","0","6","3","0","","","","","61d0594e4d678abea980ba7b7db1a70d","0.361","","","","","en","1.1","","","","","","https://gympluscoffee.com/products/industry-fleece-hooded-full-zip-in-natural-aw26","2026-09-14 19:07:58"
"https://gympluscoffee.com/cdn/shop/files/ECOM-SNAP-COLLAR-SWEATSHIRT-POWER-RED-3.jpg?v=1786101102&width=600","image/jpeg","200","OK","Indexable","","","0","0","","0","0","","0","","0","","0","","0","","","","","","","","","","94348","94348","94348","13.982","","0","","","","","0.000","1","3","","0","0","0","0.000","0","0","0","0","0","0","","","","","","0.035","Fri, 21 Aug 2026 17:41:07 GMT","","","","","1.1","","","","","","https://gympluscoffee.com/cdn/shop/files/ECOM-SNAP-COLLAR-SWEATSHIRT-POWER-RED-3.jpg?v=1786101102&width=600","2026-09-14 19:07:59"
"https://gympluscoffee.com/products/in-motion-joggers-in-charcoa","text/html; charset=utf-8","200","OK","Indexable","","In Motion Joggers in Charcoal – Gym+Coffee","42","400","Ready for whatever’s next. The In Motion Jogger in Charcoal is made for everyday movement with an easy, wear-anywhere feel.","123","785","","0","In Motion Joggers in Charcoal","29","Your recent searches","20","Recommended for you","19","","","","https://gympluscoffee.com/products/in-motion-joggers-in-charcoa","","","","","","444643","87505","87505","12.968","","570","143","3.986","100.000","Very Easy","0.896","1","1","","4","2","0","5.710","87","60","0","6","3","0","","","","","5ecdf92e0d8c2a734cb3a63d510e4083","0.432","","","","","en","1.1","","","","","","https://gympluscoffee.com/products/in-motion-joggers-in-charcoa","2026-09-14 19:07:58"
"https://gympluscoffee.com/cart","text/html; charset=utf-8","200","OK","Indexable","","Your Shopping Cart – Gym+Coffee","31","307","","0","0","","0","Your Bag","8","Your recent searches","20","Recommended for you","19","","","","https://gympluscoffee.com/cart","","","","","","348553","74388","74388","11.024","","202","64","3.156","93.903","Very Easy","0.607","1","0","","70","35","0","100.000","85","57","0","6","3","0","","","","","2b8445222f27063b840bf95df6f3cf0e","0.360","","","","","en","1.1","","","","","","https://gympluscoffee.com/cart","2026-09-14 19:07:59"
"https://gympluscoffee.com/cdn/shop/collections/TOP-FILTER-BLOCK-JOGGERS-M.jpg?v=1784017945&width=600","image/jpeg","200","OK","Indexable","","","0","0","","0","0","","0","","0","","0","","0","","","","","","","","","","13921","13921","13921","2.063","","0","","","","","0.000","1","3","","0","0","0","0.000","0","0","0","0","0","0","","","","","","0.177","Mon, 14 Sep 2026 18:07:59 GMT","","","","","1.1","","","","","","https://gympluscoffee.com/cdn/shop/collections/TOP-FILTER-BLOCK-JOGGERS-M.jpg?v=1784017945&width=600","2026-09-14 19:07:59"
"https://gympluscoffee.com/products/day-kind-7-8-legging-in-mocha-bean-aw25","text/html; charset=utf-8","200","OK","Indexable","","Soft Motion 7/8 Legging In Mocha Bean | Gym+Coffee","50","478","Made for comfort and movement, the Soft Motion 7 8 Legging In Mocha Bean brings performance and style together effortlessly.","124","794","","0","Day Kind 7/8 Legging in Mocha Bean","34","Your recent searches","20","Recommended for you","19","","","","https://gympluscoffee.com/products/day-kind-7-8-legging-in-mocha-bean-aw25","","","","","","527505","96233","96233","14.262","","1266","327","3.872","100.000","Very Easy","1.452","1","1","","7","4","0","11.430","89","62","0","6","3","0","","","","","e32a8fcac73bf6ae7ad73d2083c913a9","0.411","","","","","en","1.1","","","","","","https://gympluscoffee.com/products/day-kind-7-8-legging-in-mocha-bean-aw25","2026-09-14 19:07:59"
"https://gympluscoffee.com/cdn/shop/files/ECOM-SIERRA-DRIFT-HOODIE-GRAPE-NOIR-4.jpg?v=1786120943&width=48","image/jpeg","200","OK","Indexable","","","0","0","","0","0","","0","","0","","0","","0","","","","","","","","","","2006","2006","2006","0.297","","0","","","","","0.000","1","3","","0","0","0","0.000","0","0","0","0","0","0","","","","","","0.024","Tue, 08 Sep 2026 14:33:43 GMT","","","","","1.1","","","","","","https://gympluscoffee.com/cdn/shop/files/ECOM-SIERRA-DRIFT-HOODIE-GRAPE-NOIR-4.jpg?v=1786120943&width=48","2026-09-14 19:07:59"
"https://gympluscoffee.com/cdn/shop/files/ECOM-SNAP-POLAR-FLEECE-PALE-VANILLA-10.jpg?v=1787838903&width=48","image/jpeg","200","OK","Indexable","","","0","0","","0","0","","0","","0","","0","","0","","","","","","","","","","2096","2096","2096","0.311","","0","","","","","0.000","1","3","","0","0","0","0.000","0","0","0","0","0","0","","","","","","0.025","Sun, 30 Aug 2026 13:34:48 GMT","","","","","1.1","","","","","","https://gympluscoffee.com/cdn/shop/files/ECOM-SNAP-POLAR-FLEECE-PALE-VANILLA-10.jpg?v=1787838903&width=48","2026-09-14 19:07:59"
"https://gympluscoffee.com/cdn/shop/files/CAMPAIGN-ECOM-INDUSTRY-CHECK-PRINT-2.jpg?v=1788690873&width=600","image/jpeg","200","OK","Indexable","","","0","0","","0","0","","0","","0","","0","","0","","","","","","","","","","222344","222344","222344","32.951","","0","","","","","0.000","1","3","","0","0","0","0.000","0","0","0","0","0","0","","","","","","0.040","Tue, 08 Sep 2026 08:20:31 GMT","","","","","1.1","","","","","","https://gympluscoffee.com/cdn/shop/files/CAMPAIGN-ECOM-INDUSTRY-CHECK-PRINT-2.jpg?v=1788690873&width=600","2026-09-14 19:07:59"
"https://gympluscoffee.com/cdn/shop/files/ECOM-INDUSTRY-HALF-ZIP-MOSS-GREEN-8.jpg?v=1788471225&width=600","image/jpeg","200","OK","Indexable","","","0","0","","0","0","","0","","0","","0","","0","","","","","","","","","","100355","100355","100355","14.873","","0","","","","","0.000","1","3","","0","0","0","0.000","0","0","0","0","0","0","","","","","","0.046","Tue, 08 Sep 2026 11:15:02 GMT","","","","","1.1","","","","","","https://gympluscoffee.com/cdn/shop/files/ECOM-INDUSTRY-HALF-ZIP-MOSS-GREEN-8.jpg?v=1788471225&width=600","2026-09-14 19:07:59"
"https://gympluscoffee.com/products/quarter-length-everyday-sock-in-sprint-green","text/html; charset=utf-8","200","OK","Indexable","","Quarter Length Everyday Sock in Sprint Green – Gym+Coffee","57","540","Small detail. Big impact. The Quarter Length Everyday Sock in Sprint Green delivers soft stretch comfort and a supportive fit that stays put. Built for training days, rest days, and everything in between.","204","1225","","0","Quarter Length Everyday Sock in Sprint Green","44","Your recent searches","20","Recommended for you","19","","","","https://gympluscoffee.com/products/quarter-length-everyday-sock-in-sprint-green","","","","","","424916","86803","86803","12.864","","388","117","3.316","100.000","Very Easy","0.724","1","1","","73","35","0","100.000","87","57","0","6","3","0","","","","","b2e1bb975211e6686e1af89f0b32622c","0.347","","","","","en","1.1","","","","","","https://gympluscoffee.com/products/quarter-length-everyday-sock-in-sprint-green","2026-09-14 19:07:59"
"https://gympluscoffee.com/collections/mens-sale","text/html; charset=utf-8","200","OK","Indexable","","Men's Sale | Gym+Coffee","23","223","Score big on premium activewear with the Men’s Sale at Gym+Coffee! Shop discounted hoodies, joggers, tees, and more, perfect for workouts, weekends, and everything in between.","175","1109","","0","Men's Sale","10","Your recent searches","20","Recommended for you","19","","","","https://gympluscoffee.com/collections/mens-sale","","","","","","565995","90336","90336","13.388","","453","230","1.970","100.000","Very Easy","0.653","1","1","","70","35","0","100.000","114","72","0","6","3","0","","","","","bfe11b61ad20487964b3d075e74b1008","0.558","","","","","en","1.1","","","","","","https://gympluscoffee.com/collections/mens-sale","2026-09-14 19:07:59"
"https://gympluscoffee.com/pages/faq","text/html; charset=utf-8","200","OK","Indexable","","Frequently Asked Questions | Gym+Coffee","39","376","Find answers to common questions about delivery, returns, orders, sizing, payments and more.","92","584","","0","","0","Your recent searches","20","Recommended for you","19","","","","https://gympluscoffee.com/pages/faq","","","","","","403082","82443","82443","12.218","","3286","479","6.860","78.404","Fairly Easy","4.917","1","1","","105","35","0","100.000","103","62","0","12","6","0","","","","","4d077a2436236fe4b89b1e5b64062c9f","0.224","","","","","en","1.1","","","","","","https://gympluscoffee.com/pages/faq","2026-09-14 19:07:59"
"https://gympluscoffee.com/cdn/shop/collections/men-s-hoodies-gym-coffee_e556f76b-15ed-4f53-b258-6354e9f08633.jpg?v=1784109057&width=600","image/jpeg","200","OK","Indexable","","","0","0","","0","0","","0","","0","","0","","0","","","","","","","","","","12855","12855","12855","1.905","","0","","","","","0.000","1","3","","0","0","0","0.000","0","0","0","0","0","0","","","","","","0.299","Mon, 14 Sep 2026 18:08:00 GMT","","","","","1.1","","","","","","https://gympluscoffee.com/cdn/shop/collections/men-s-hoodies-gym-coffee_e556f76b-15ed-4f53-b258-6354e9f08633.jpg?v=1784109057&width=600","2026-09-14 19:07:59"
"https://gympluscoffee.com/cdn/shop/files/ECOM-MENS-RELENTLESS-MIDLAYER-PETROL-BLUE-2.jpg?v=1786109829&width=600","image/jpeg","200","OK","Indexable","","","0","0","","0","0","","0","","0","","0","","0","","","","","","","","","","44195","44195","44195","6.550","","0","","","","","0.000","1","3","","0","0","0","0.000","0","0","0","0","0","0","","","","","","0.027","Mon, 10 Aug 2026 21:16:45 GMT","","","","","1.1","","","","","","https://gympluscoffee.com/cdn/shop/files/ECOM-MENS-RELENTLESS-MIDLAYER-PETROL-BLUE-2.jpg?v=1786109829&width=600","2026-09-14 19:08:00"
"https://gympluscoffee.com/collections/bags","text/html; charset=utf-8","200","OK","Indexable","","Bags – Gym+Coffee","17","179","","0","0","","0","Bags","4","Your recent searches","20","Recommended for you","19","","","","https://gympluscoffee.com/collections/bags","","","","","","391742","79699","79699","11.811","","262","104","2.519","97.721","Very Easy","0.656","1","1","","35","35","0","100.000","88","59","0","6","3","0","","","","","cec242e16f15c742749820d1f77446ee","0.354","","","","","en","1.1","","","","","","https://gympluscoffee.com/collections/bags","2026-09-14 19:07:59"
"https://gympluscoffee.com/cdn/shop/files/Mens-collection-hp-banner-mobile-format-2.jpg?v=1787219890&width=600","image/jpeg","200","OK","Indexable","","","0","0","","0","0","","0","","0","","0","","0","","","","","","","","","","118352","118352","118352","17.540","","0","","","","","0.000","1","3","","0","0","0","0.000","0","0","0","0","0","0","","","","","","0.056","Thu, 03 Sep 2026 08:30:57 GMT","","","","","1.1","","","","","","https://gympluscoffee.com/cdn/shop/files/Mens-collection-hp-banner-mobile-format-2.jpg?v=1787219890&width=600","2026-09-14 19:08:00"
"https://gympluscoffee.com/cdn/shop/t/26/assets/swiper.bundle.min.css?v=127803016596819466191783175465","text/css","200","OK","Non-Indexable","Canonicalised","","0","0","","0","0","","0","","0","","0","","0","","","","","","","","","","0","0","0","0.000","","0","","","","","0.000","1","5","","0","0","0","0.000","0","0","0","0","0","0","","","","","","0.055","Fri, 21 Aug 2026 16:01:39 GMT","","","","","1.1","","","","","","https://gympluscoffee.com/cdn/shop/t/26/assets/swiper.bundle.min.css?v=127803016596819466191783175465","2026-09-14 19:08:00"
"https://gympluscoffee.com/pages/gender-pay-gap-report","text/html; charset=utf-8","200","OK","Indexable","","Gender Pay Gap Report | Gym+Coffee","34","335","Read the latest Gym+Coffee Gender Pay Gap Report and our commitment to equality, inclusion and transparency.","108","702","","0","Gender Pay Gap Report","21","Your recent searches","20","Recommended for you","19","","","","https://gympluscoffee.com/pages/gender-pay-gap-report","","","","","","355977","75094","75094","11.129","","233","68","3.426","91.162","Very Easy","0.650","1","1","","71","35","0","100.000","85","57","0","7","4","0","","","","","2ca998e9cd7ae118a43561ad927fdfd8","0.312","","","","","en","1.1","","","","","","https://gympluscoffee.com/pages/gender-pay-gap-report","2026-09-14 19:08:00"
"https://gympluscoffee.com/collections/mens","text/html; charset=utf-8","200","OK","Indexable","","Men's Clothing | Gym+Coffee","27","258","Browse the Gym+Coffee range of men's athleisure clothes designed for an active, social lifestyle. Featuring our famous hoodies, t-shirts & more. Shop now!","154","952","","0","MEN'S","5","Your recent searches","20","Recommended for you","19","","","","https://gympluscoffee.com/collections/mens","https://gympluscoffee.com/collections/mens?page=2","","","","","965222","112773","112773","16.713","","673","392","1.717","100.000","Very Easy","0.520","1","1","","70","35","0","100.000","180","105","0","6","3","0","","","","","45035cf1adb2cb97c84a7d874e7d06dc","0.537","","","","","en","1.1","","","","","","https://gympluscoffee.com/collections/mens","2026-09-14 19:07:59"
"https://gympluscoffee.com/cdn/shop/files/ECOM-INDUSTRY-FULL-ZIP-FLEECE-CHECK-PRINT-9.jpg?v=1788470061&width=600","image/jpeg","200","OK","Indexable","","","0","0","","0","0","","0","","0","","0","","0","","","","","","","","","","75107","75107","75107","11.131","","0","","","","","0.000","1","3","","0","0","0","0.000","0","0","0","0","0","0","","","","","","0.029","Tue, 08 Sep 2026 09:18:01 GMT","","","","","1.1","","","","","","https://gympluscoffee.com/cdn/shop/files/ECOM-INDUSTRY-FULL-ZIP-FLEECE-CHECK-PRINT-9.jpg?v=1788470061&width=600","2026-09-14 19:08:00"
"https://gympluscoffee.com/products/industry-fleece-high-collar-jacket-in-mocha-bean-aw26","text/html; charset=utf-8","200","OK","Indexable","","Industry Fleece High Collar Jacket in Mocha Bean – Gym+Coffee","61","574","For mornings with a little chill. The Industry Fleece High Collar Jacket in Mocha Bean is a cosy throw-on with an easy, lived-in feel.","134","793","","0","Industry Fleece High Collar Jacket in Mocha Bean","48","Your recent searches","20","Recommended for you","19","","","","https://gympluscoffee.com/products/industry-fleece-high-collar-jacket-in-mocha-bean-aw26","","","","","","463173","88580","88580","13.128","","604","151","4.000","100.000","Very Easy","0.901","1","1","","10","4","0","11.430","85","58","0","6","3","0","","","","","3bfc12ea317aa3661ce252fd60ddf7a4","0.272","","","","","en","1.1","","","","","","https://gympluscoffee.com/products/industry-fleece-high-collar-jacket-in-mocha-bean-aw26","2026-09-14 19:08:00"
"https://gympluscoffee.com/cdn/shop/files/ECOM-UGC-POWER-RED-SNAP-3.jpg?v=1774279132&width=48","image/jpeg","200","OK","Indexable","","","0","0","","0","0","","0","","0","","0","","0","","","","","","","","","","2424","2424","2424","0.359","","0","","","","","0.000","1","3","","0","0","0","0.000","0","0","0","0","0","0","","","","","","0.037","Tue, 01 Sep 2026 22:33:50 GMT","","","","","1.1","","","","","","https://gympluscoffee.com/cdn/shop/files/ECOM-UGC-POWER-RED-SNAP-3.jpg?v=1774279132&width=48","2026-09-14 19:08:00"
"https://gympluscoffee.com/collections/mens-shorts","text/html; charset=utf-8","200","OK","Indexable","","Men's Gym and Workout Shorts | Gym+Coffee","41","406","From the gym to a swim - the Gym+Coffee mens shorts are your new daily essential for all your active adventures. Shop our Baseline & Daybreak shorts now!","153","964","","0","Men's Shorts","12","Your recent searches","20","Recommended for you","19","","","","https://gympluscoffee.com/collections/mens-shorts","","","","","","566878","90119","90119","13.356","","391","195","2.005","100.000","Very Easy","0.602","1","1","","36","35","0","100.000","114","72","0","6","3","0","","","","","40063deb78858de5093edf2196123932","0.466","","","","","en","1.1","","","","","","https://gympluscoffee.com/collections/mens-shorts","2026-09-14 19:08:00"
"https://gympluscoffee.com/cdn/shop/files/ECOM-MENS-RELENTLESS-7_-SHORTS-PETROL-BLUE-1.jpg?v=1786114229&width=600","image/jpeg","200","OK","Indexable","","","0","0","","0","0","","0","","0","","0","","0","","","","","","","","","","49357","49357","49357","7.315","","0","","","","","0.000","1","3","","0","0","0","0.000","0","0","0","0","0","0","","","","","","0.070","Sat, 29 Aug 2026 15:31:00 GMT","","","","","1.1","","","","","","https://gympluscoffee.com/cdn/shop/files/ECOM-MENS-RELENTLESS-7_-SHORTS-PETROL-BLUE-1.jpg?v=1786114229&width=600","2026-09-14 19:08:00"
"https://gympluscoffee.com/products/horizon-full-zip-in-mocha-bean-aw26","text/html; charset=utf-8","200","OK","Indexable","","Horizon Full Zip in Mocha Bean – Gym+Coffee","43","410","Made for the in-between. The Horizon Full Zip in Mocha Bean is cosy, effortless and just right for those first cooler days of the season.","137","821","","0","Horizon Full Zip in Mocha Bean","30","Your recent searches","20","Recommended for you","19","","","","https://gympluscoffee.com/products/horizon-full-zip-in-mocha-bean-aw26","","","","","","455466","88086","88086","13.054","","609","152","4.007","100.000","Very Easy","0.920","1","1","","8","3","0","8.570","85","58","0","6","3","0","","","","","c9604ba120657308195f88bee0f0ce74","0.437","","","","","en","1.1","","","","","","https://gympluscoffee.com/products/horizon-full-zip-in-mocha-bean-aw26","2026-09-14 19:08:00"
"https://gympluscoffee.com/cdn/shop/files/CAMPAIGN-ECOM-HIGH-COLLAR-NATURAL-3-2.jpg?v=1788692786&width=600","image/jpeg","200","OK","Indexable","","","0","0","","0","0","","0","","0","","0","","0","","","","","","","","","","163415","163415","163415","24.218","","0","","","","","0.000","1","3","","0","0","0","0.000","0","0","0","0","0","0","","","","","","0.032","Wed, 09 Sep 2026 19:13:03 GMT","","","","","1.1","","","","","","https://gympluscoffee.com/cdn/shop/files/CAMPAIGN-ECOM-HIGH-COLLAR-NATURAL-3-2.jpg?v=1788692786&width=600","2026-09-14 19:08:00"
"https://gympluscoffee.com/cdn/shop/files/CAMPAIGN-ECOM-POLAR-FLEECEPINK-BLOSSOM-3.jpg?v=1787839699&width=48","image/jpeg","200","OK","Indexable","","","0","0","","0","0","","0","","0","","0","","0","","","","","","","","","","2680","2680","2680","0.397","","0","","","","","0.000","1","3","","0","0","0","0.000","0","0","0","0","0","0","","","","","","0.060","Mon, 31 Aug 2026 21:20:28 GMT","","","","","1.1","","","","","","https://gympluscoffee.com/cdn/shop/files/CAMPAIGN-ECOM-POLAR-FLEECEPINK-BLOSSOM-3.jpg?v=1787839699&width=48","2026-09-14 19:08:00"
"https://gympluscoffee.com/cdn/shop/collections/LEGGINGS-COLLECTION-BANNER_a0c1c09e-b838-4c35-b0e3-53ad86199526.jpg?v=1784109009&width=600","image/jpeg","200","OK","Indexable","","","0","0","","0","0","","0","","0","","0","","0","","","","","","","","","","25760","25760","25760","3.818","","0","","","","","0.000","1","3","","0","0","0","0.000","0","0","0","0","0","0","","","","","","0.360","Mon, 14 Sep 2026 18:08:01 GMT","","","","","1.1","","","","","","https://gympluscoffee.com/cdn/shop/collections/LEGGINGS-COLLECTION-BANNER_a0c1c09e-b838-4c35-b0e3-53ad86199526.jpg?v=1784109009&width=600","2026-09-14 19:08:00"
"https://gympluscoffee.com/cdn/shop/files/ECOM-HORIZON-FULL-ZIP-FLEECE-MOCHA-BEAN-12.jpg?v=1788469994&width=48","image/jpeg","200","OK","Indexable","","","0","0","","0","0","","0","","0","","0","","0","","","","","","","","","","2110","2110","2110","0.313","","0","","","","","0.000","1","3","","0","0","0","0.000","0","0","0","0","0","0","","","","","","0.027","Wed, 09 Sep 2026 19:22:27 GMT","","","","","1.1","","","","","","https://gympluscoffee.com/cdn/shop/files/ECOM-HORIZON-FULL-ZIP-FLEECE-MOCHA-BEAN-12.jpg?v=1788469994&width=48","2026-09-14 19:08:01"
"https://gympluscoffee.com/products/daily-collared-sweatshirt-in-pale-vanilla-aw26","text/html; charset=utf-8","200","OK","Indexable","","Daily Collared Sweatshirt in Pale Vanilla – Gym+Coffee","54","490","A fresh take on your everyday sweatshirt.The Daily Collared Sweatshirt brings an easy, elevated feel to off-duty dressing. Pale Vanilla keeps it soft, fresh and ready to pair with just about anything.","200","1198","","0","Daily Collared Sweatshirt in Pale Vanilla","41","Your recent searches","20","Recommended for you","19","","","","https://gympluscoffee.com/products/daily-collared-sweatshirt-in-pale-vanilla-aw26","","","","","","458591","88414","88414","13.103","","613","156","3.929","100.000","Very Easy","0.931","1","1","","4","2","0","5.710","87","60","0","6","3","0","","","","","e79599488ed82dc0ffca0690d22ab683","0.372","","","","","en","1.1","","","","","","https://gympluscoffee.com/products/daily-collared-sweatshirt-in-pale-vanilla-aw26","2026-09-14 19:08:00"
"https://gympluscoffee.com/cdn/shop/files/ECOM-350ML-HYDRATE-BOTTLE-NEON-PINK-3_2118297f-42f7-47d4-b1c4-5179b4e00089.jpg?v=1774448597&width=600","image/jpeg","200","OK","Indexable","","","0","0","","0","0","","0","","0","","0","","0","","","","","","","","","","18580","18580","18580","2.754","","0","","","","","0.000","1","3","","0","0","0","0.000","0","0","0","0","0","0","","","","","","0.050","Tue, 25 Aug 2026 12:53:24 GMT","","","","","1.1","","","","","","https://gympluscoffee.com/cdn/shop/files/ECOM-350ML-HYDRATE-BOTTLE-NEON-PINK-3_2118297f-42f7-47d4-b1c4-5179b4e00089.jpg?v=1774448597&width=600","2026-09-14 19:08:01"
"https://gympluscoffee.com/cdn/shop/t/26/assets/theme.build.css?v=171670461522805800651785838416","text/css","200","OK","Non-Indexable","Canonicalised","","0","0","","0","0","","0","","0","","0","","0","","","","","","","","","","0","0","0","0.000","","0","","","","","0.000","1","5","","0","0","0","0.000","0","0","0","0","0","0","","","","","","0.061","Tue, 04 Aug 2026 10:13:43 GMT","","","","","1.1","","","","","","https://gympluscoffee.com/cdn/shop/t/26/assets/theme.build.css?v=171670461522805800651785838416","2026-09-14 19:08:01"
"https://gympluscoffee.com/cdn/shop/files/ECOM-HORIZON-FULL-ZIP-FLEECE-MOCHA-BEAN-12.jpg?v=1788469994&width=600","image/jpeg","200","OK","Indexable","","","0","0","","0","0","","0","","0","","0","","0","","","","","","","","","","55708","55708","55708","8.256","","0","","","","","0.000","1","3","","0","0","0","0.000","0","0","0","0","0","0","","","","","","0.051","Fri, 11 Sep 2026 06:20:08 GMT","","","","","1.1","","","","","","https://gympluscoffee.com/cdn/shop/files/ECOM-HORIZON-FULL-ZIP-FLEECE-MOCHA-BEAN-12.jpg?v=1788469994&width=600","2026-09-14 19:08:01"
"https://gympluscoffee.com/policies/refund-policy","text/html; charset=utf-8","200","OK","Indexable","","Refund policy – Gym+Coffee","26","254","","0","0","","0","Refund policy","13","Your recent searches","20","Recommended for you","19","","","","https://gympluscoffee.com/policies/refund-policy","","","","","","357151","76166","76166","11.288","","746","180","4.144","77.883","Fairly Easy","1.492","1","1","","71","35","0","100.000","84","58","0","9","5","0","","","","","7dda6d4a80678a2621a77f2ce03e95c7","0.346","","","","","en","1.1","","","","","","https://gympluscoffee.com/policies/refund-policy","2026-09-14 19:08:00"
"https://gympluscoffee.com/cdn/shop/files/ECOM-SIERRA-DRIFT-HOODIE-STORMY-BLUE-3.jpg?v=1786120862&width=48","image/jpeg","200","OK","Indexable","","","0","0","","0","0","","0","","0","","0","","0","","","","","","","","","","2220","2220","2220","0.329","","0","","","","","0.000","1","3","","0","0","0","0.000","0","0","0","0","0","0","","","","","","0.067","Wed, 09 Sep 2026 19:22:27 GMT","","","","","1.1","","","","","","https://gympluscoffee.com/cdn/shop/files/ECOM-SIERRA-DRIFT-HOODIE-STORMY-BLUE-3.jpg?v=1786120862&width=48","2026-09-14 19:08:01"
"https://gympluscoffee.com/cdn/shop/files/ECOM-DAILY-CUFF-JOGGERS-TWILIGHT-NAVY-7.jpg?v=1788361632&width=48","image/jpeg","200","OK","Indexable","","","0","0","","0","0","","0","","0","","0","","0","","","","","","","","","","1713","1713","1713","0.254","","0","","","","","0.000","1","3","","0","0","0","0.000","0","0","0","0","0","0","","","","","","0.028","Sun, 06 Sep 2026 19:51:52 GMT","","","","","1.1","","","","","","https://gympluscoffee.com/cdn/shop/files/ECOM-DAILY-CUFF-JOGGERS-TWILIGHT-NAVY-7.jpg?v=1788361632&width=48","2026-09-14 19:08:01"
"https://gympluscoffee.com/cdn/shop/collections/knitwear-collection-1.jpg?v=1784017521&width=600","image/jpeg","200","OK","Indexable","","","0","0","","0","0","","0","","0","","0","","0","","","","","","","","","","36610","36610","36610","5.426","","0","","","","","0.000","1","3","","0","0","0","0.000","0","0","0","0","0","0","","","","","","0.279","Mon, 14 Sep 2026 18:08:01 GMT","","","","","1.1","","","","","","https://gympluscoffee.com/cdn/shop/collections/knitwear-collection-1.jpg?v=1784017521&width=600","2026-09-14 19:08:01"
"https://gympluscoffee.com/products/industry-fleece-hooded-full-zip-in-ballet-pink-aw26","text/html; charset=utf-8","200","OK","Indexable","","Industry Fleece Hooded Full Zip in Ballet Pink – Gym+Coffee","59","535","A softer take on fleece season. The Industry Fleece Hooded Full Zip in Ballet Pink is cosy, relaxed and made for adding a little colour to cooler days.","151","897","","0","Industry Fleece Hooded Full Zip in Ballet Pink","46","Your recent searches","20","Recommended for you","19","","","","https://gympluscoffee.com/products/industry-fleece-hooded-full-zip-in-ballet-pink-aw26","","","","","","461012","87952","87952","13.034","","607","151","4.020","100.000","Very Easy","0.906","1","1","","7","4","0","11.430","85","58","0","6","3","0","","","","","c78bd081e7f44fe47be552a9e27d5b3f","0.536","","","","","en","1.1","","","","","","https://gympluscoffee.com/products/industry-fleece-hooded-full-zip-in-ballet-pink-aw26","2026-09-14 19:08:00"
"https://gympluscoffee.com/cdn/shop/collections/WOMENS-FLEECES-COLLECTION-BANNER_f3e0f828-2762-41b5-b0e1-e4daa686b383.jpg?v=1784018155&width=600","image/jpeg","200","OK","Indexable","","","0","0","","0","0","","0","","0","","0","","0","","","","","","","","","","14293","14293","14293","2.118","","0","","","","","0.000","1","3","","0","0","0","0.000","0","0","0","0","0","0","","","","","","0.061","Mon, 14 Sep 2026 18:08:01 GMT","","","","","1.1","","","","","","https://gympluscoffee.com/cdn/shop/collections/WOMENS-FLEECES-COLLECTION-BANNER_f3e0f828-2762-41b5-b0e1-e4daa686b383.jpg?v=1784018155&width=600","2026-09-14 19:08:01"
"https://gympluscoffee.com/cdn/shop/files/ECOM-MAUREEN-MOORES-BABYCHINO-UGC-5.1.jpg?v=1787069326&width=48","image/jpeg","200","OK","Indexable","","","0","0","","0","0","","0","","0","","0","","0","","","","","","","","","","2252","2252","2252","0.334","","0","","","","","0.000","1","3","","0","0","0","0.000","0","0","0","0","0","0","","","","","","0.043","Tue, 18 Aug 2026 22:43:33 GMT","","","","","1.1","","","","","","https://gympluscoffee.com/cdn/shop/files/ECOM-MAUREEN-MOORES-BABYCHINO-UGC-5.1.jpg?v=1787069326&width=48","2026-09-14 19:08:01"
"https://gympluscoffee.com/cdn/shop/files/ECOM-SIERRA-DRIFT-HOODIE-TWILIGHT-NAVY-1.jpg?v=1786121027&width=48","image/jpeg","200","OK","Indexable","","","0","0","","0","0","","0","","0","","0","","0","","","","","","","","","","2296","2296","2296","0.340","","0","","","","","0.000","1","3","","0","0","0","0.000","0","0","0","0","0","0","","","","","","0.079","Wed, 09 Sep 2026 19:22:27 GMT","","","","","1.1","","","","","","https://gympluscoffee.com/cdn/shop/files/ECOM-SIERRA-DRIFT-HOODIE-TWILIGHT-NAVY-1.jpg?v=1786121027&width=48","2026-09-14 19:08:01"
"https://gympluscoffee.com/collections/knitwear","text/html; charset=utf-8","200","OK","Indexable","","Knitwear | New to Gym+Coffee","28","275","Considered. Comfortable. Effortlessly put-together. We’re proud to introduce our first-ever knitwear collection. A refined take on off-duty dressing for slow starts, coffee catch-ups, and everything in between. Soft-touch textures and elevated silhouettes, made to live in.","273","1642","","0","Knitwear","8","Your recent searches","20","Recommended for you","19","","","","https://gympluscoffee.com/collections/knitwear","","","","","","444629","83395","83395","12.359","","311","134","2.321","100.000","Very Easy","0.638","1","1","","36","35","0","100.000","94","62","0","6","3","0","","","","","765da5225a86f222ce99dc4dc54d17a4","0.596","","","","","en","1.1","","","","","","https://gympluscoffee.com/collections/knitwear","2026-09-14 19:08:01"
"https://gympluscoffee.com/products/relentless-7-shorts-in-petrol-blue-ss26-m","text/html; charset=utf-8","200","OK","Indexable","","Relentless 7"" Shorts in Petrol Blue – Gym+Coffee","48","437","Made to move. Lightweight, versatile and built for every workout. From gym sessions to weekend plans, these are the shorts you'll keep reaching for.","148","911","","0","Relentless 7"" Shorts in Petrol Blue","35","Your recent searches","20","Recommended for you","19","","","","https://gympluscoffee.com/products/relentless-7-shorts-in-petrol-blue-ss26-m","","","","","","522967","94826","94826","14.053","","1119","298","3.755","100.000","Very Easy","1.334","1","1","","7","4","0","11.430","88","61","0","6","3","0","","","","","6d7950df2142ea4b619315839a944556","0.378","","","","","en","1.1","","","","","","https://gympluscoffee.com/products/relentless-7-shorts-in-petrol-blue-ss26-m","2026-09-14 19:08:01"
"https://gympluscoffee.com/cdn/shop/files/ECOM-DAILY-COLLARED-SWEATSHIRT-PALE-VANILLA-1.jpg?v=1788359785&width=600","image/jpeg","200","OK","Indexable","","","0","0","","0","0","","0","","0","","0","","0","","","","","","","","","","42016","42016","42016","6.227","","0","","","","","0.000","1","3","","0","0","0","0.000","0","0","0","0","0","0","","","","","","0.023","Fri, 04 Sep 2026 10:32:04 GMT","","","","","1.1","","","","","","https://gympluscoffee.com/cdn/shop/files/ECOM-DAILY-COLLARED-SWEATSHIRT-PALE-VANILLA-1.jpg?v=1788359785&width=600","2026-09-14 19:08:01"
"https://gympluscoffee.com/collections/mens-midlayer","text/html; charset=utf-8","200","OK","Indexable","","Men's Midlayer | Gym+Coffee","27","260","Shop Men's Midlayer at Gym+Coffee, featuring comfortable layers, activewear and everyday essentials made for work, workouts and weekends.","137","885","","0","Men's Midlayer","14","Your recent searches","20","Recommended for you","19","","","","https://gympluscoffee.com/collections/mens-midlayer","","","","","","443072","82735","82735","12.261","","301","128","2.352","99.049","Very Easy","0.639","1","1","","35","35","0","100.000","94","62","0","6","3","0","","","","","27ca4b1897472d67b5b59623a21bfc53","0.663","","","","","en","1.1","","","","","","https://gympluscoffee.com/collections/mens-midlayer","2026-09-14 19:08:01"
"https://gympluscoffee.com/cdn/shop/files/CAMPAIGN-ECOM-POLAR-FLEECE-GLACIAL-BLUE-3.jpg?v=1787840319&width=48","image/jpeg","200","OK","Indexable","","","0","0","","0","0","","0","","0","","0","","0","","","","","","","","","","2879","2879","2879","0.427","","0","","","","","0.000","1","3","","0","0","0","0.000","0","0","0","0","0","0","","","","","","0.028","Sun, 30 Aug 2026 12:15:31 GMT","","","","","1.1","","","","","","https://gympluscoffee.com/cdn/shop/files/CAMPAIGN-ECOM-POLAR-FLEECE-GLACIAL-BLUE-3.jpg?v=1787840319&width=48","2026-09-14 19:08:01"
"https://gympluscoffee.com/cdn/shop/collections/knitwear-collection-1.jpg?v=1784017521&width=48","image/jpeg","200","OK","Indexable","","","0","0","","0","0","","0","","0","","0","","0","","","","","","","","","","1347","1347","1347","0.200","","0","","","","","0.000","1","3","","0","0","0","0.000","0","0","0","0","0","0","","","","","","0.033","Thu, 13 Aug 2026 20:12:06 GMT","","","","","1.1","","","","","","https://gympluscoffee.com/cdn/shop/collections/knitwear-collection-1.jpg?v=1784017521&width=48","2026-09-14 19:08:01"
"https://gympluscoffee.com/cdn/shop/files/SNAPCOLLARSWEATSHIRTUGCPEBBLE-2.jpg?v=1780676452&width=48","image/jpeg","200","OK","Indexable","","","0","0","","0","0","","0","","0","","0","","0","","","","","","","","","","2135","2135","2135","0.316","","0","","","","","0.000","1","3","","0","0","0","0.000","0","0","0","0","0","0","","","","","","0.026","Thu, 13 Aug 2026 21:20:16 GMT","","","","","1.1","","","","","","https://gympluscoffee.com/cdn/shop/files/SNAPCOLLARSWEATSHIRTUGCPEBBLE-2.jpg?v=1780676452&width=48","2026-09-14 19:08:01"
"https://gympluscoffee.com/collections/womens-hoodies","text/html; charset=utf-8","200","OK","Indexable","","Women's Gym Hoodies | Zip Up & Pullover Hoodies | Gym+Coffee","60","578","Busting PBs to brunch date chill, shop our women's hoodies and find your perfect fit.","85","520","","0","WOMEN'S HOODIES","15","Your recent searches","20","Recommended for you","19","","","","https://gympluscoffee.com/collections/womens-hoodies","","","","","","511468","87362","87362","12.947","","361","166","2.175","100.000","Very Easy","0.615","1","1","","35","35","0","100.000","106","68","0","6","3","0","","","","","d303ceb3520df4a947ebf0215bfb81f7","0.418","","","","","en","1.1","","","","","","https://gympluscoffee.com/collections/womens-hoodies","2026-09-14 19:08:01"
"https://gympluscoffee.com/cdn/shop/files/ECOM-INDUSTRY-HOODED-FLEECE-NATURAL-2.jpg?v=1788470626&width=48","image/jpeg","200","OK","Indexable","","","0","0","","0","0","","0","","0","","0","","0","","","","","","","","","","2084","2084","2084","0.309","","0","","","","","0.000","1","3","","0","0","0","0.000","0","0","0","0","0","0","","","","","","0.057","Wed, 09 Sep 2026 19:22:27 GMT","","","","","1.1","","","","","","https://gympluscoffee.com/cdn/shop/files/ECOM-INDUSTRY-HOODED-FLEECE-NATURAL-2.jpg?v=1788470626&width=48","2026-09-14 19:08:02"
"https://gympluscoffee.com/products/sierra-drift-hoodie-in-stormy-blue-aw26-m","text/html; charset=utf-8","200","OK","Indexable","","Sierra Drift Hoodie in Stormy Blue – Gym+Coffee","47","434","Throw on. Head out. The Sierra Drift Hoodie in Stormy Blue is an easy everyday layer made for wherever the day takes you.","121","752","","0","Sierra Drift Hoodie in Stormy Blue","34","Your recent searches","20","Recommended for you","19","","","","https://gympluscoffee.com/products/sierra-drift-hoodie-in-stormy-blue-aw26-m","","","","","","439328","86882","86882","12.876","","574","145","3.959","100.000","Very Easy","0.904","1","1","","6","3","0","8.570","86","59","0","6","3","0","","","","","18f891f095f751ca3e549a195eb91cff","0.466","","","","","en","1.1","","","","","","https://gympluscoffee.com/products/sierra-drift-hoodie-in-stormy-blue-aw26-m","2026-09-14 19:08:01"
"https://gympluscoffee.com/cdn/shop/files/ECOM-DAILY-COLLARED-SWEATSHIRT-PALE-VANILLA-4.jpg?v=1788359786&width=600","image/jpeg","200","OK","Indexable","","","0","0","","0","0","","0","","0","","0","","0","","","","","","","","","","86180","86180","86180","12.772","","0","","","","","0.000","1","3","","0","0","0","0.000","0","0","0","0","0","0","","","","","","0.055","Fri, 04 Sep 2026 10:32:04 GMT","","","","","1.1","","","","","","https://gympluscoffee.com/cdn/shop/files/ECOM-DAILY-COLLARED-SWEATSHIRT-PALE-VANILLA-4.jpg?v=1788359786&width=600","2026-09-14 19:08:02"
"https://gympluscoffee.com/cdn/shop/files/G_C-LONG-SOCK-WHITE-1.png?v=1731581736&width=600","image/png","200","OK","Indexable","","","0","0","","0","0","","0","","0","","0","","0","","","","","","","","","","140470","140470","140470","20.818","","0","","","","","0.000","1","3","","0","0","0","0.000","0","0","0","0","0","0","","","","","","0.044","Tue, 01 Sep 2026 19:28:38 GMT","","","","","1.1","","","","","","https://gympluscoffee.com/cdn/shop/files/G_C-LONG-SOCK-WHITE-1.png?v=1731581736&width=600","2026-09-14 19:08:02"
"https://gympluscoffee.com/cdn/shop/collections/LEGGINGS-COLLECTION-BANNER_a0c1c09e-b838-4c35-b0e3-53ad86199526.jpg?v=1784109009&width=48","image/jpeg","200","OK","Indexable","","","0","0","","0","0","","0","","0","","0","","0","","","","","","","","","","1369","1369","1369","0.203","","0","","","","","0.000","1","3","","0","0","0","0.000","0","0","0","0","0","0","","","","","","0.039","Mon, 10 Aug 2026 04:29:24 GMT","","","","","1.1","","","","","","https://gympluscoffee.com/cdn/shop/collections/LEGGINGS-COLLECTION-BANNER_a0c1c09e-b838-4c35-b0e3-53ad86199526.jpg?v=1784109009&width=48","2026-09-14 19:08:02"
"https://gympluscoffee.com/cdn/shop/collections/WOMENS-SWEATSHIRTS-BANNER_9ae9e479-a4a1-433f-9317-5243774b3da4.jpg?v=1784018095&width=48","image/jpeg","200","OK","Indexable","","","0","0","","0","0","","0","","0","","0","","0","","","","","","","","","","1528","1528","1528","0.226","","0","","","","","0.000","1","3","","0","0","0","0.000","0","0","0","0","0","0","","","","","","0.046","Sun, 23 Aug 2026 12:56:41 GMT","","","","","1.1","","","","","","https://gympluscoffee.com/cdn/shop/collections/WOMENS-SWEATSHIRTS-BANNER_9ae9e479-a4a1-433f-9317-5243774b3da4.jpg?v=1784018095&width=48","2026-09-14 19:08:02"
"https://gympluscoffee.com/pages/retail-stores","text/html; charset=utf-8","200","OK","Indexable","","Store Locator | Gym+Coffee","26","248","Find your nearest Gym+Coffee store with opening hours, locations and everything you need before you visit.","106","664","","0","Retail Stores","13","Your recent searches","20","Recommended for you","19","","","","https://gympluscoffee.com/pages/retail-stores","","","","","","372948","75780","75780","11.231","","309","84","3.679","80.719","Easy","0.756","1","1","","70","35","0","100.000","90","63","0","6","3","0","","","","","e27819c356a3b376d66125fafc3d7e17","0.309","","","","","en","1.1","","","","","","https://gympluscoffee.com/pages/retail-stores","2026-09-14 19:08:02"
"https://gympluscoffee.com/cdn/shop/t/26/assets/theme.js?v=104862755588903996831787819741","text/javascript","200","OK","Non-Indexable","Canonicalised","","0","0","","0","0","","0","","0","","0","","0","","","","","","","","","","0","0","0","0.000","","0","","","","","0.000","1","5","","0","0","0","0.000","0","0","0","0","0","0","","","","","","0.026","Thu, 27 Aug 2026 08:35:46 GMT","","","","","1.1","","","","","","https://gympluscoffee.com/cdn/shop/t/26/assets/theme.js?v=104862755588903996831787819741","2026-09-14 19:08:02"
"https://gympluscoffee.com/cdn/shop/files/ECOM-HORIZON-FULL-ZIP-FLEECE-WARM-WHITE-9.jpg?v=1788469897&width=48","image/jpeg","200","OK","Indexable","","","0","0","","0","0","","0","","0","","0","","0","","","","","","","","","","1847","1847","1847","0.274","","0","","","","","0.000","1","3","","0","0","0","0.000","0","0","0","0","0","0","","","","","","0.042","Wed, 09 Sep 2026 19:22:27 GMT","","","","","1.1","","","","","","https://gympluscoffee.com/cdn/shop/files/ECOM-HORIZON-FULL-ZIP-FLEECE-WARM-WHITE-9.jpg?v=1788469897&width=48","2026-09-14 19:08:02"
"https://gympluscoffee.com/collections/womens-short-sleeve-tops","text/html; charset=utf-8","200","OK","Indexable","","Women's Short Sleeve Athleisure Tops & T Shirts | Gym+Coffee","60","563","Gym+Coffee's range of women's short sleeve athleisure t-shirts have you covered from gym to studio, & pitch to commute. Shop now to find one you love!","150","943","","0","Women's T-Shirts + Vests","24","Your recent searches","20","Recommended for you","19","","","","https://gympluscoffee.com/collections/womens-short-sleeve-tops","","","","","","721756","98429","98429","14.587","","534","292","1.829","100.000","Very Easy","0.567","1","1","","36","35","0","100.000","138","84","0","6","3","0","","","","","1b64102fd17055919ff66c952198e0a6","0.532","","","","","en","1.1","","","","","","https://gympluscoffee.com/collections/womens-short-sleeve-tops","2026-09-14 19:08:02"
"https://gympluscoffee.com/collections/gym-plus-coffee-sale","text/html; charset=utf-8","200","OK","Indexable","","Gym+Coffee Sale | Up to 70% Off Activewear & Athleisure","55","511","Don’t miss the Gym+Coffee Sale! Shop unbeatable deals on hoodies, joggers, leggings, and more. Premium activewear and athleisure at discounted prices—shop now!","159","1021","","0","Gym+Coffee Sale","15","Your recent searches","20","Recommended for you","19","","","","https://gympluscoffee.com/collections/gym-plus-coffee-sale","https://gympluscoffee.com/collections/gym-plus-coffee-sale?page=2","","","","","989283","114643","114643","16.990","","810","486","1.667","100.000","Very Easy","0.586","1","1","","105","35","0","100.000","180","105","0","6","3","0","","","","","f21700fb9976a2063dc84286bcb42a0a","0.609","","","","","en","1.1","","","","","","https://gympluscoffee.com/collections/gym-plus-coffee-sale","2026-09-14 19:08:01"
"https://gympluscoffee.com/collections/womens-fleeces","text/html; charset=utf-8","200","OK","Indexable","","Women's Fleeces – Gym+Coffee","28","291","","0","0","","0","Women's Fleeces","15","Your recent searches","20","Recommended for you","19","","","","https://gympluscoffee.com/collections/womens-fleeces","","","","","","594535","91164","91164","13.511","","435","194","2.242","100.000","Very Easy","0.600","1","1","","36","35","0","100.000","120","75","0","6","3","0","","","","","8559a169f2ec93298de677652eeb9d7","0.423","","","","","en","1.1","","","","","","https://gympluscoffee.com/collections/womens-fleeces","2026-09-14 19:08:02"
"https://gympluscoffee.com/cdn/shop/files/CAMPAIGN-ECOM-POLAR-FLEECEPINK-BLOSSOM-3.jpg?v=1787839699&width=600","image/jpeg","200","OK","Indexable","","","0","0","","0","0","","0","","0","","0","","0","","","","","","","","","","150674","150674","150674","22.330","","0","","","","","0.000","1","3","","0","0","0","0.000","0","0","0","0","0","0","","","","","","0.022","Sun, 30 Aug 2026 10:19:10 GMT","","","","","1.1","","","","","","https://gympluscoffee.com/cdn/shop/files/CAMPAIGN-ECOM-POLAR-FLEECEPINK-BLOSSOM-3.jpg?v=1787839699&width=600","2026-09-14 19:08:02"
"https://gympluscoffee.com/cdn/shop/files/ECOM-INDUSTRY-HIGH-COLLAR-NATURAL-9.jpg?v=1788470449&width=600","image/jpeg","200","OK","Indexable","","","0","0","","0","0","","0","","0","","0","","0","","","","","","","","","","59141","59141","59141","8.765","","0","","","","","0.000","1","3","","0","0","0","0.000","0","0","0","0","0","0","","","","","","0.070","Wed, 09 Sep 2026 19:13:03 GMT","","","","","1.1","","","","","","https://gympluscoffee.com/cdn/shop/files/ECOM-INDUSTRY-HIGH-COLLAR-NATURAL-9.jpg?v=1788470449&width=600","2026-09-14 19:08:02"
"https://gympluscoffee.com/cdn/shop/collections/WOMENS-TEES-TANKS_6e320377-88c0-41b6-bbf9-69dee2845399.jpg?v=1784018119&width=48","image/jpeg","200","OK","Indexable","","","0","0","","0","0","","0","","0","","0","","0","","","","","","","","","","1489","1489","1489","0.221","","0","","","","","0.000","1","3","","0","0","0","0.000","0","0","0","0","0","0","","","","","","0.041","Sat, 05 Sep 2026 08:37:00 GMT","","","","","1.1","","","","","","https://gympluscoffee.com/cdn/shop/collections/WOMENS-TEES-TANKS_6e320377-88c0-41b6-bbf9-69dee2845399.jpg?v=1784018119&width=48","2026-09-14 19:08:02"
"https://gympluscoffee.com/cdn/shop/files/ECOM-MAUREEN-MOORES-BABYCHINO-UGC-5.1.jpg?v=1787069326&width=600","image/jpeg","200","OK","Indexable","","","0","0","","0","0","","0","","0","","0","","0","","","","","","","","","","56067","56067","56067","8.309","","0","","","","","0.000","1","3","","0","0","0","0.000","0","0","0","0","0","0","","","","","","0.044","Tue, 18 Aug 2026 16:14:15 GMT","","","","","1.1","","","","","","https://gympluscoffee.com/cdn/shop/files/ECOM-MAUREEN-MOORES-BABYCHINO-UGC-5.1.jpg?v=1787069326&width=600","2026-09-14 19:08:02"
"https://gympluscoffee.com/cdn/shop/files/ECOM-INDUSTRY-HOODED-FLEECE-BALLET-PINK-13.jpg?v=1788470525&width=600","image/jpeg","200","OK","Indexable","","","0","0","","0","0","","0","","0","","0","","0","","","","","","","","","","49683","49683","49683","7.363","","0","","","","","0.000","1","3","","0","0","0","0.000","0","0","0","0","0","0","","","","","","0.080","Mon, 14 Sep 2026 18:08:03 GMT","","","","","1.1","","","","","","https://gympluscoffee.com/cdn/shop/files/ECOM-INDUSTRY-HOODED-FLEECE-BALLET-PINK-13.jpg?v=1788470525&width=600","2026-09-14 19:08:03"
"https://gympluscoffee.com/cdn/shop/files/SNAPCOLLARSWEATSHIRTUGCPEBBLE-2.jpg?v=1780676452&width=600","image/jpeg","200","OK","Indexable","","","0","0","","0","0","","0","","0","","0","","0","","","","","","","","","","112217","112217","112217","16.631","","0","","","","","0.000","1","3","","0","0","0","0.000","0","0","0","0","0","0","","","","","","0.183","Mon, 14 Sep 2026 18:08:03 GMT","","","","","1.1","","","","","","https://gympluscoffee.com/cdn/shop/files/SNAPCOLLARSWEATSHIRTUGCPEBBLE-2.jpg?v=1780676452&width=600","2026-09-14 19:08:02"
"https://gympluscoffee.com/cdn/shop/collections/PERFROMANCE-COLLECTION-BANENR_417ab1ce-262d-4154-98f8-6707fa61eccd.jpg?v=1784017485&width=600","image/jpeg","200","OK","Indexable","","","0","0","","0","0","","0","","0","","0","","0","","","","","","","","","","57034","57034","57034","8.452","","0","","","","","0.000","1","3","","0","0","0","0.000","0","0","0","0","0","0","","","","","","0.185","Mon, 14 Sep 2026 18:08:03 GMT","","","","","1.1","","","","","","https://gympluscoffee.com/cdn/shop/collections/PERFROMANCE-COLLECTION-BANENR_417ab1ce-262d-4154-98f8-6707fa61eccd.jpg?v=1784017485&width=600","2026-09-14 19:08:03"
"https://gympluscoffee.com/cdn/shop/files/CAMPAIGN-ECOM-HOODED-FULL-ZIP-BALLET-PINK-1.jpg?v=1788691319&width=600","image/jpeg","200","OK","Indexable","","","0","0","","0","0","","0","","0","","0","","0","","","","","","","","","","197465","197465","197465","29.264","","0","","","","","0.000","1","3","","0","0","0","0.000","0","0","0","0","0","0","","","","","","0.048","Mon, 14 Sep 2026 15:41:08 GMT","","","","","1.1","","","","","","https://gympluscoffee.com/cdn/shop/files/CAMPAIGN-ECOM-HOODED-FULL-ZIP-BALLET-PINK-1.jpg?v=1788691319&width=600","2026-09-14 19:08:03"
"https://gympluscoffee.com/cdn/shop/files/1-BRAS-TOPS-BANNER.jpg?v=1783589928&width=600","image/jpeg","200","OK","Indexable","","","0","0","","0","0","","0","","0","","0","","0","","","","","","","","","","55345","55345","55345","8.202","","0","","","","","0.000","1","3","","0","0","0","0.000","0","0","0","0","0","0","","","","","","0.205","Mon, 14 Sep 2026 18:08:03 GMT","","","","","1.1","","","","","","https://gympluscoffee.com/cdn/shop/files/1-BRAS-TOPS-BANNER.jpg?v=1783589928&width=600","2026-09-14 19:08:03"
"https://gympluscoffee.com/cdn/shop/files/ECOM-FLATLAY-KNIT-HALF-ZIP-FIG-1.jpg?v=1787652744&width=600","image/jpeg","200","OK","Indexable","","","0","0","","0","0","","0","","0","","0","","0","","","","","","","","","","23056","23056","23056","3.417","","0","","","","","0.000","1","3","","0","0","0","0.000","0","0","0","0","0","0","","","","","","0.042","Sat, 05 Sep 2026 13:13:40 GMT","","","","","1.1","","","","","","https://gympluscoffee.com/cdn/shop/files/ECOM-FLATLAY-KNIT-HALF-ZIP-FIG-1.jpg?v=1787652744&width=600","2026-09-14 19:08:03"
"https://gympluscoffee.com/collections/all","text/html; charset=utf-8","200","OK","Indexable","","All – Gym+Coffee","16","158","","0","0","","0","All","3","Your recent searches","20","Recommended for you","19","","","","https://gympluscoffee.com/collections/all","https://gympluscoffee.com/collections/all?page=2","","","","","993727","114316","114316","16.942","","763","432","1.766","100.000","Very Easy","0.553","1","1","","35","35","0","100.000","180","105","0","6","3","0","","","","","918847949af50e78a9644ddafbe53437","0.592","","","","","en","1.1","","","","","","https://gympluscoffee.com/collections/all","2026-09-14 19:08:02"
"https://gympluscoffee.com/cdn/shop/files/ECOM-CONTENDER-SHORTS-GRAPE-NOIR-2_b49f9730-9cdc-466f-9365-201d305f87c9.jpg?v=1786552836&width=600","image/jpeg","200","OK","Indexable","","","0","0","","0","0","","0","","0","","0","","0","","","","","","","","","","49318","49318","49318","7.309","","0","","","","","0.000","1","3","","0","0","0","0.000","0","0","0","0","0","0","","","","","","0.024","Tue, 18 Aug 2026 16:03:42 GMT","","","","","1.1","","","","","","https://gympluscoffee.com/cdn/shop/files/ECOM-CONTENDER-SHORTS-GRAPE-NOIR-2_b49f9730-9cdc-466f-9365-201d305f87c9.jpg?v=1786552836&width=600","2026-09-14 19:08:03"
"https://gympluscoffee.com/collections/new","text/html; charset=utf-8","200","OK","Indexable","","Gym+Coffee NEW Launches | Gym+Coffee","36","378","Looking for this seasons must-have? Check out all the brand new athleisure wear and merch items from Gym+Coffee right here! From workouts to weekends, we got you covered in-style.","179","1142","","0","New","3","Your recent searches","20","Recommended for you","19","","","","https://gympluscoffee.com/collections/new","https://gympluscoffee.com/collections/new?page=2","","","","","967051","111375","111375","16.506","","753","383","1.966","100.000","Very Easy","0.553","1","1","","35","35","0","100.000","180","105","0","6","3","0","","","","","eef1705d68fd705cedf04dd9ed411928","0.638","","","","","en","1.1","","","","","","https://gympluscoffee.com/collections/new","2026-09-14 19:08:02"
"https://gympluscoffee.com/policies/terms-of-service","text/html; charset=UTF-8","429","Too Many Requests","Non-Indexable","Client Error","","0","0","","0","0","","0","","0","","0","","0","","","","","","","","","","0","0","0","0.000","","0","","","","","0.000","1","1","","70","35","0","100.000","0","0","0","0","0","0","","","","","","0.074","","","","","","1.1","","","","","","https://gympluscoffee.com/policies/terms-of-service","2026-09-14 19:08:03"
"https://gympluscoffee.com/products/daily-relaxed-fit-hoodie-in-glacial-blue-aw26","text/html; charset=utf-8","200","OK","Indexable","","Daily Relaxed Fit Hoodie in Glacial Blue – Gym+Coffee","53","481","Cosy, with a little colour.The Daily Relaxed Fit Hoodie is all about easy comfort and a laid-back fit. Glacial Blue brings a fresh pop of colour to cooler days.","160","938","","0","Daily Relaxed Fit Hoodie in Glacial Blue","40","Your recent searches","20","Recommended for you","19","","","","https://gympluscoffee.com/products/daily-relaxed-fit-hoodie-in-glacial-blue-aw26","","","","","","452613","88164","88164","13.066","","611","153","3.993","100.000","Very Easy","0.932","1","1","","6","3","0","8.570","84","57","0","6","3","0","","","","","398ac15c658ef3f9dafa038d0f3e50f9","0.362","","","","","en","1.1","","","","","","https://gympluscoffee.com/products/daily-relaxed-fit-hoodie-in-glacial-blue-aw26","2026-09-14 19:08:03"
"https://gympluscoffee.com/cdn/shop/files/ECOM-DAILY-COLLARED-SWEATSHIRT-PALE-VANILLA-1.jpg?v=1788359785&width=48","image/jpeg","200","OK","Indexable","","","0","0","","0","0","","0","","0","","0","","0","","","","","","","","","","2095","2095","2095","0.310","","0","","","","","0.000","1","3","","0","0","0","0.000","0","0","0","0","0","0","","","","","","0.024","Sun, 06 Sep 2026 18:17:04 GMT","","","","","1.1","","","","","","https://gympluscoffee.com/cdn/shop/files/ECOM-DAILY-COLLARED-SWEATSHIRT-PALE-VANILLA-1.jpg?v=1788359785&width=48","2026-09-14 19:08:03"
"https://gympluscoffee.com/cdn/shop/files/ECOM-SIERRA-DRIFT-HOODIE-GRAPE-NOIR-4.jpg?v=1786120943&width=600","image/jpeg","200","OK","Indexable","","","0","0","","0","0","","0","","0","","0","","0","","","","","","","","","","38447","38447","38447","5.698","","0","","","","","0.000","1","3","","0","0","0","0.000","0","0","0","0","0","0","","","","","","0.046","Wed, 09 Sep 2026 08:42:33 GMT","","","","","1.1","","","","","","https://gympluscoffee.com/cdn/shop/files/ECOM-SIERRA-DRIFT-HOODIE-GRAPE-NOIR-4.jpg?v=1786120943&width=600","2026-09-14 19:08:03"
"https://gympluscoffee.com/cdn/shop/files/ECOM-GAME-CHANGER-PANTS-STONE-GREY-5.jpg?v=1779786061&width=48","image/jpeg","200","OK","Indexable","","","0","0","","0","0","","0","","0","","0","","0","","","","","","","","","","2099","2099","2099","0.311","","0","","","","","0.000","1","3","","0","0","0","0.000","0","0","0","0","0","0","","","","","","0.049","Mon, 24 Aug 2026 14:38:04 GMT","","","","","1.1","","","","","","https://gympluscoffee.com/cdn/shop/files/ECOM-GAME-CHANGER-PANTS-STONE-GREY-5.jpg?v=1779786061&width=48","2026-09-14 19:08:03"
"https://gympluscoffee.com/collections/womens-joggers","text/html; charset=UTF-8","429","Too Many Requests","Non-Indexable","Client Error","","0","0","","0","0","","0","","0","","0","","0","","","","","","","","","","0","0","0","0.000","","0","","","","","0.000","1","1","","35","35","0","100.000","0","0","0","0","0","0","","","","","","0.038","","","","","","1.1","","","","","","https://gympluscoffee.com/collections/womens-joggers","2026-09-14 19:08:03"
"https://gympluscoffee.com/cdn/shop/files/ECOM-FLATLAY-KNIT-HALF-ZIP-FIG-1.jpg?v=1787652744&width=48","image/jpeg","200","OK","Indexable","","","0","0","","0","0","","0","","0","","0","","0","","","","","","","","","","1778","1778","1778","0.263","","0","","","","","0.000","1","3","","0","0","0","0.000","0","0","0","0","0","0","","","","","","0.049","Tue, 25 Aug 2026 12:53:24 GMT","","","","","1.1","","","","","","https://gympluscoffee.com/cdn/shop/files/ECOM-FLATLAY-KNIT-HALF-ZIP-FIG-1.jpg?v=1787652744&width=48","2026-09-14 19:08:03"
"https://gympluscoffee.com/products/sierra-drift-hoodie-in-twilight-navy-aw26-m","text/html; charset=UTF-8","429","Too Many Requests","Non-Indexable","Client Error","","0","0","","0","0","","0","","0","","0","","0","","","","","","","","","","0","0","0","0.000","","0","","","","","0.000","1","1","","7","4","0","11.430","0","0","0","0","0","0","","","","","","0.046","","","","","","1.1","","","","","","https://gympluscoffee.com/products/sierra-drift-hoodie-in-twilight-navy-aw26-m","2026-09-14 19:08:03"
"https://gympluscoffee.com/cdn/shop/files/ECOM-SNAP-COLLAR-SWEATSHIRT-POWER-RED-3.jpg?v=1786101102&width=48","image/jpeg","200","OK","Indexable","","","0","0","","0","0","","0","","0","","0","","0","","","","","","","","","","2366","2366","2366","0.351","","0","","","","","0.000","1","3","","0","0","0","0.000","0","0","0","0","0","0","","","","","","0.043","Fri, 07 Aug 2026 14:02:51 GMT","","","","","1.1","","","","","","https://gympluscoffee.com/cdn/shop/files/ECOM-SNAP-COLLAR-SWEATSHIRT-POWER-RED-3.jpg?v=1786101102&width=48","2026-09-14 19:08:03"
"https://gympluscoffee.com/cdn/shop/files/ECOM-INDUSTRY-HOODED-FLEECE-NATURAL-2.jpg?v=1788470626&width=600","image/jpeg","200","OK","Indexable","","","0","0","","0","0","","0","","0","","0","","0","","","","","","","","","","58241","58241","58241","8.631","","0","","","","","0.000","1","3","","0","0","0","0.000","0","0","0","0","0","0","","","","","","0.021","Tue, 08 Sep 2026 09:34:39 GMT","","","","","1.1","","","","","","https://gympluscoffee.com/cdn/shop/files/ECOM-INDUSTRY-HOODED-FLEECE-NATURAL-2.jpg?v=1788470626&width=600","2026-09-14 19:08:03"
"https://gympluscoffee.com/cdn/shop/collections/FLEECES-MENS-COLLECTION-BANENR.jpg?v=1784555659&width=600","image/jpeg","200","OK","Indexable","","","0","0","","0","0","","0","","0","","0","","0","","","","","","","","","","29181","29181","29181","4.325","","0","","","","","0.000","1","3","","0","0","0","0.000","0","0","0","0","0","0","","","","","","0.079","Mon, 14 Sep 2026 18:08:03 GMT","","","","","1.1","","","","","","https://gympluscoffee.com/cdn/shop/collections/FLEECES-MENS-COLLECTION-BANENR.jpg?v=1784555659&width=600","2026-09-14 19:08:03"
"https://gympluscoffee.com/cdn/shop/files/ECOM-350ML-HYDRATE-BOTTLE-BABY-BLUE-3.jpg?v=1774448633&width=600","image/jpeg","200","OK","Indexable","","","0","0","","0","0","","0","","0","","0","","0","","","","","","","","","","19077","19077","19077","2.827","","0","","","","","0.000","1","3","","0","0","0","0.000","0","0","0","0","0","0","","","","","","0.045","Fri, 04 Sep 2026 20:31:24 GMT","","","","","1.1","","","","","","https://gympluscoffee.com/cdn/shop/files/ECOM-350ML-HYDRATE-BOTTLE-BABY-BLUE-3.jpg?v=1774448633&width=600","2026-09-14 19:08:03"
"https://gympluscoffee.com/products/relentless-train-midlayer-in-petrol-blue-ss26-m","text/html; charset=utf-8","200","OK","Indexable","","Relentless Train Midlayer in Petrol Blue – Gym+Coffee","53","484","Ready when you are. Lightweight, easy to layer and built to move. The Relentless Train Midlayer is made to take you from warm-up to wind-down without missing a beat.","165","1038","","0","Relentless Train Midlayer in Petrol Blue","40","Your recent searches","20","Recommended for you","19","","","","https://gympluscoffee.com/products/relentless-train-midlayer-in-petrol-blue-ss26-m","","","","","","471592","90564","90564","13.422","","707","177","3.994","100.000","Very Easy","1.005","1","1","","9","5","0","14.290","87","60","0","6","3","0","","","","","2a548aa4bbba7b83a12013db5282d98a","0.423","","","","","en","1.1","","","","","","https://gympluscoffee.com/products/relentless-train-midlayer-in-petrol-blue-ss26-m","2026-09-14 19:08:03"
"https://gympluscoffee.com/cdn/shop/files/ECOM-EVERYDAY-RELAXED-TEE-WARM-WHITE-3.jpg?v=1788359968&width=48","image/jpeg","200","OK","Indexable","","","0","0","","0","0","","0","","0","","0","","0","","","","","","","","","","2215","2215","2215","0.328","","0","","","","","0.000","1","3","","0","0","0","0.000","0","0","0","0","0","0","","","","","","0.041","Sun, 06 Sep 2026 18:17:04 GMT","","","","","1.1","","","","","","https://gympluscoffee.com/cdn/shop/files/ECOM-EVERYDAY-RELAXED-TEE-WARM-WHITE-3.jpg?v=1788359968&width=48","2026-09-14 19:08:03"
"https://gympluscoffee.com/products/350ml-hydrate-bottle-in-baby-blue","text/html; charset=UTF-8","429","Too Many Requests","Non-Indexable","Client Error","","0","0","","0","0","","0","","0","","0","","0","","","","","","","","","","0","0","0","0.000","","0","","","","","0.000","1","1","","70","35","0","100.000","0","0","0","0","0","0","","","","","","0.038","","","","","","1.1","","","","","","https://gympluscoffee.com/products/350ml-hydrate-bottle-in-baby-blue","2026-09-14 19:08:03"
"https://gympluscoffee.com/products/industry-fleece-half-zip-in-moss-green-aw26","text/html; charset=UTF-8","429","Too Many Requests","Non-Indexable","Client Error","","0","0","","0","0","","0","","0","","0","","0","","","","","","","","","","0","0","0","0.000","","0","","","","","0.000","1","1","","8","4","0","11.430","0","0","0","0","0","0","","","","","","0.042","","","","","","1.1","","","","","","https://gympluscoffee.com/products/industry-fleece-half-zip-in-moss-green-aw26","2026-09-14 19:08:03"
"https://gympluscoffee.com/account","","0","Blocked by robots.txt","Non-Indexable","Blocked by robots.txt","","0","0","","0","0","","0","","0","","0","","0","","","","","","","","","","0","0","0","0.000","","0","","","","","0.000","1","0","","70","35","0","100.000","0","0","0","0","0","0","","","","","","","","","","","","None","","","","","","https://gympluscoffee.com/account","2026-09-14 19:08:03"
"https://gympluscoffee.com/cdn/shop/files/ECOM-DAILY-RELAXED-FIT-HOODIE-GLACIAL-BLUE-10.jpg?v=1788357870&width=48","image/jpeg","200","OK","Indexable","","","0","0","","0","0","","0","","0","","0","","0","","","","","","","","","","2626","2626","2626","0.389","","0","","","","","0.000","1","3","","0","0","0","0.000","0","0","0","0","0","0","","","","","","0.045","Sun, 06 Sep 2026 12:33:55 GMT","","","","","1.1","","","","","","https://gympluscoffee.com/cdn/shop/files/ECOM-DAILY-RELAXED-FIT-HOODIE-GLACIAL-BLUE-10.jpg?v=1788357870&width=48","2026-09-14 19:08:03"
"https://gympluscoffee.com/cdn/shop/files/CAMPAIGN-ECOM-POLAR-FLEECE-GLACIAL-BLUE-3.jpg?v=1787840319&width=600","image/jpeg","200","OK","Indexable","","","0","0","","0","0","","0","","0","","0","","0","","","","","","","","","","173364","173364","173364","25.693","","0","","","","","0.000","1","3","","0","0","0","0.000","0","0","0","0","0","0","","","","","","0.042","Sun, 30 Aug 2026 09:58:18 GMT","","","","","1.1","","","","","","https://gympluscoffee.com/cdn/shop/files/CAMPAIGN-ECOM-POLAR-FLEECE-GLACIAL-BLUE-3.jpg?v=1787840319&width=600","2026-09-14 19:08:03"
"https://gympluscoffee.com/products/sierra-drift-hoodie-in-grape-noir-aw26-m","text/html; charset=UTF-8","429","Too Many Requests","Non-Indexable","Client Error","","0","0","","0","0","","0","","0","","0","","0","","","","","","","","","","0","0","0","0.000","","0","","","","","0.000","1","1","","7","4","0","11.430","0","0","0","0","0","0","","","","","","0.037","","","","","","1.1","","","","","","https://gympluscoffee.com/products/sierra-drift-hoodie-in-grape-noir-aw26-m","2026-09-14 19:08:03"
"https://gympluscoffee.com/cdn/shop/files/CAMPAIGN-ECOM-HORIZON-MOCHA-BEAN-1.jpg?v=1788695760&width=600","image/jpeg","200","OK","Indexable","","","0","0","","0","0","","0","","0","","0","","0","","","","","","","","","","192689","192689","192689","28.557","","0","","","","","0.000","1","3","","0","0","0","0.000","0","0","0","0","0","0","","","","","","0.039","Tue, 08 Sep 2026 09:34:39 GMT","","","","","1.1","","","","","","https://gympluscoffee.com/cdn/shop/files/CAMPAIGN-ECOM-HORIZON-MOCHA-BEAN-1.jpg?v=1788695760&width=600","2026-09-14 19:08:03"
"https://gympluscoffee.com/cdn/shop/files/ECOM-INDUSTRY-HALF-ZIP-MOSS-GREEN-2.jpg?v=1788471226&width=600","image/jpeg","200","OK","Indexable","","","0","0","","0","0","","0","","0","","0","","0","","","","","","","","","","77422","77422","77422","11.474","","0","","","","","0.000","1","3","","0","0","0","0.000","0","0","0","0","0","0","","","","","","0.042","Tue, 08 Sep 2026 10:19:30 GMT","","","","","1.1","","","","","","https://gympluscoffee.com/cdn/shop/files/ECOM-INDUSTRY-HALF-ZIP-MOSS-GREEN-2.jpg?v=1788471226&width=600","2026-09-14 19:08:03"
"https://gympluscoffee.com/cdn/shop/collections/WOMENS-SHORTS-COLLECTION-BANNER_0204a0cc-6469-40c8-8097-b662981c5d56.jpg?v=1784018144&width=600","image/jpeg","200","OK","Indexable","","","0","0","","0","0","","0","","0","","0","","0","","","","","","","","","","12697","12697","12697","1.882","","0","","","","","0.000","1","3","","0","0","0","0.000","0","0","0","0","0","0","","","","","","0.061","Mon, 14 Sep 2026 18:08:03 GMT","","","","","1.1","","","","","","https://gympluscoffee.com/cdn/shop/collections/WOMENS-SHORTS-COLLECTION-BANNER_0204a0cc-6469-40c8-8097-b662981c5d56.jpg?v=1784018144&width=600","2026-09-14 19:08:03"
"https://gympluscoffee.com/collections/accessories","text/html; charset=UTF-8","429","Too Many Requests","Non-Indexable","Client Error","","0","0","","0","0","","0","","0","","0","","0","","","","","","","","","","0","0","0","0.000","","0","","","","","0.000","1","1","","70","35","0","100.000","0","0","0","0","0","0","","","","","","0.037","","","","","","1.1","","","","","","https://gympluscoffee.com/collections/accessories","2026-09-14 19:08:03"
"https://gympluscoffee.com/products/game-changer-pants-in-stone-grey-ss26-m","text/html; charset=UTF-8","429","Too Many Requests","Non-Indexable","Client Error","","0","0","","0","0","","0","","0","","0","","0","","","","","","","","","","0","0","0","0.000","","0","","","","","0.000","1","1","","8","4","0","11.430","0","0","0","0","0","0","","","","","","0.034","","","","","","1.1","","","","","","https://gympluscoffee.com/products/game-changer-pants-in-stone-grey-ss26-m","2026-09-14 19:08:03"
"https://gympluscoffee.com/collections/snap-polar","text/html; charset=UTF-8","429","Too Many Requests","Non-Indexable","Client Error","","0","0","","0","0","","0","","0","","0","","0","","","","","","","","","","0","0","0","0.000","","0","","","","","0.000","1","1","","35","35","0","100.000","0","0","0","0","0","0","","","","","","0.042","","","","","","1.1","","","","","","https://gympluscoffee.com/collections/snap-polar","2026-09-14 19:08:03"
"https://gympluscoffee.com/cdn/shop/files/ECOM-SIERRA-DRIFT-HOODIE-STORMY-BLUE-6.jpg?v=1786120862&width=600","image/jpeg","200","OK","Indexable","","","0","0","","0","0","","0","","0","","0","","0","","","","","","","","","","89622","89622","89622","13.282","","0","","","","","0.000","1","3","","0","0","0","0.000","0","0","0","0","0","0","","","","","","0.039","Wed, 09 Sep 2026 19:19:24 GMT","","","","","1.1","","","","","","https://gympluscoffee.com/cdn/shop/files/ECOM-SIERRA-DRIFT-HOODIE-STORMY-BLUE-6.jpg?v=1786120862&width=600","2026-09-14 19:08:03"
"https://gympluscoffee.com/cdn/shop/files/CAMPAIGN-ECOM-HORIZON-WARM-WHITE-3-2.jpg?v=1788695562&width=600","image/jpeg","200","OK","Indexable","","","0","0","","0","0","","0","","0","","0","","0","","","","","","","","","","119098","119098","119098","17.650","","0","","","","","0.000","1","3","","0","0","0","0.000","0","0","0","0","0","0","","","","","","0.056","Tue, 08 Sep 2026 09:34:39 GMT","","","","","1.1","","","","","","https://gympluscoffee.com/cdn/shop/files/CAMPAIGN-ECOM-HORIZON-WARM-WHITE-3-2.jpg?v=1788695562&width=600","2026-09-14 19:08:03"
"https://gympluscoffee.com/collections/waterbottles","text/html; charset=UTF-8","429","Too Many Requests","Non-Indexable","Client Error","","0","0","","0","0","","0","","0","","0","","0","","","","","","","","","","0","0","0","0.000","","0","","","","","0.000","1","1","","35","35","0","100.000","0","0","0","0","0","0","","","","","","0.034","","","","","","1.1","","","","","","https://gympluscoffee.com/collections/waterbottles","2026-09-14 19:08:03"
"https://gympluscoffee.com/products/everyday-relaxed-fit-tee-in-warm-white-aw26","text/html; charset=UTF-8","429","Too Many Requests","Non-Indexable","Client Error","","0","0","","0","0","","0","","0","","0","","0","","","","","","","","","","0","0","0","0.000","","0","","","","","0.000","1","1","","4","2","0","5.710","0","0","0","0","0","0","","","","","","0.038","","","","","","1.1","","","","","","https://gympluscoffee.com/products/everyday-relaxed-fit-tee-in-warm-white-aw26","2026-09-14 19:08:03"
"https://gympluscoffee.com/products/full-length-everyday-sock-in-white","text/html; charset=UTF-8","429","Too Many Requests","Non-Indexable","Client Error","","0","0","","0","0","","0","","0","","0","","0","","","","","","","","","","0","0","0","0.000","","0","","","","","0.000","1","1","","72","35","0","100.000","0","0","0","0","0","0","","","","","","0.037","","","","","","1.1","","","","","","https://gympluscoffee.com/products/full-length-everyday-sock-in-white","2026-09-14 19:08:03"
"https://gympluscoffee.com/products/contender-shorts-in-grape-noir-aw26","text/html; charset=UTF-8","429","Too Many Requests","Non-Indexable","Client Error","","0","0","","0","0","","0","","0","","0","","0","","","","","","","","","","0","0","0","0.000","","0","","","","","0.000","1","1","","2","1","0","2.860","0","0","0","0","0","0","","","","","","0.036","","","","","","1.1","","","","","","https://gympluscoffee.com/products/contender-shorts-in-grape-noir-aw26","2026-09-14 19:08:03"
"https://gympluscoffee.com/collections/womens-long-sleeve-tops","text/html; charset=UTF-8","429","Too Many Requests","Non-Indexable","Client Error","","0","0","","0","0","","0","","0","","0","","0","","","","","","","","","","0","0","0","0.000","","0","","","","","0.000","1","1","","35","35","0","100.000","0","0","0","0","0","0","","","","","","0.065","","","","","","1.1","","","","","","https://gympluscoffee.com/collections/womens-long-sleeve-tops","2026-09-14 19:08:03"
"https://gympluscoffee.com/products/horizon-full-zip-in-warm-white-aw26","text/html; charset=UTF-8","429","Too Many Requests","Non-Indexable","Client Error","","0","0","","0","0","","0","","0","","0","","0","","","","","","","","","","0","0","0","0.000","","0","","","","","0.000","1","1","","9","4","0","11.430","0","0","0","0","0","0","","","","","","0.034","","","","","","1.1","","","","","","https://gympluscoffee.com/products/horizon-full-zip-in-warm-white-aw26","2026-09-14 19:08:03"
"https://gympluscoffee.com/cdn/shop/files/ECOM-INDUSTRY-HALF-ZIP-MOSS-GREEN-8.jpg?v=1788471225&width=48","image/jpeg","200","OK","Indexable","","","0","0","","0","0","","0","","0","","0","","0","","","","","","","","","","2597","2597","2597","0.385","","0","","","","","0.000","1","3","","0","0","0","0.000","0","0","0","0","0","0","","","","","","0.040","Wed, 09 Sep 2026 19:22:27 GMT","","","","","1.1","","","","","","https://gympluscoffee.com/cdn/shop/files/ECOM-INDUSTRY-HALF-ZIP-MOSS-GREEN-8.jpg?v=1788471225&width=48","2026-09-14 19:08:03"
"https://gympluscoffee.com/collections/mens-short-sleeve","text/html; charset=UTF-8","429","Too Many Requests","Non-Indexable","Client Error","","0","0","","0","0","","0","","0","","0","","0","","","","","","","","","","0","0","0","0.000","","0","","","","","0.000","1","1","","36","35","0","100.000","0","0","0","0","0","0","","","","","","0.037","","","","","","1.1","","","","","","https://gympluscoffee.com/collections/mens-short-sleeve","2026-09-14 19:08:03"
"https://gympluscoffee.com/cdn/shop/files/ECOM-DAILY-CUFF-JOGGERS-TWILIGHT-NAVY-2.jpg?v=1788361631&width=600","image/jpeg","200","OK","Indexable","","","0","0","","0","0","","0","","0","","0","","0","","","","","","","","","","39348","39348","39348","5.831","","0","","","","","0.000","1","3","","0","0","0","0.000","0","0","0","0","0","0","","","","","","0.040","Thu, 10 Sep 2026 20:04:31 GMT","","","","","1.1","","","","","","https://gympluscoffee.com/cdn/shop/files/ECOM-DAILY-CUFF-JOGGERS-TWILIGHT-NAVY-2.jpg?v=1788361631&width=600","2026-09-14 19:08:03"
"https://gympluscoffee.com/pages/contact-us","text/html; charset=UTF-8","429","Too Many Requests","Non-Indexable","Client Error","","0","0","","0","0","","0","","0","","0","","0","","","","","","","","","","0","0","0","0.000","","0","","","","","0.000","1","1","","76","35","0","100.000","0","0","0","0","0","0","","","","","","0.030","","","","","","1.1","","","","","","https://gympluscoffee.com/pages/contact-us","2026-09-14 19:08:03"
"https://gympluscoffee.com/cdn/shop/t/26/assets/swiper.bundle.min.js?v=108059131501615647841783175459","text/javascript","200","OK","Non-Indexable","Canonicalised","","0","0","","0","0","","0","","0","","0","","0","","","","","","","","","","0","0","0","0.000","","0","","","","","0.000","1","5","","0","0","0","0.000","0","0","0","0","0","0","","","","","","0.046","Thu, 13 Aug 2026 03:22:38 GMT","","","","","1.1","","","","","","https://gympluscoffee.com/cdn/shop/t/26/assets/swiper.bundle.min.js?v=108059131501615647841783175459","2026-09-14 19:08:03"
"https://gympluscoffee.com/pages/rewards","text/html; charset=UTF-8","429","Too Many Requests","Non-Indexable","Client Error","","0","0","","0","0","","0","","0","","0","","0","","","","","","","","","","0","0","0","0.000","","0","","","","","0.000","1","1","","70","35","0","100.000","0","0","0","0","0","0","","","","","","0.037","","","","","","1.1","","","","","","https://gympluscoffee.com/pages/rewards","2026-09-14 19:08:03"
"https://gympluscoffee.com/cdn/shop/files/ECOM-DAILY-CUFF-JOGGERS-TWILIGHT-NAVY-2.jpg?v=1788361631&width=48","image/jpeg","200","OK","Indexable","","","0","0","","0","0","","0","","0","","0","","0","","","","","","","","","","1964","1964","1964","0.291","","0","","","","","0.000","1","3","","0","0","0","0.000","0","0","0","0","0","0","","","","","","0.040","Sun, 06 Sep 2026 19:51:49 GMT","","","","","1.1","","","","","","https://gympluscoffee.com/cdn/shop/files/ECOM-DAILY-CUFF-JOGGERS-TWILIGHT-NAVY-2.jpg?v=1788361631&width=48","2026-09-14 19:08:03"
"https://gympluscoffee.com/cdn/shop/files/SNAPCOLLARSWEATSHIRTUGCPEBBLE-3.jpg?v=1780676442&width=48","image/jpeg","200","OK","Indexable","","","0","0","","0","0","","0","","0","","0","","0","","","","","","","","","","2287","2287","2287","0.339","","0","","","","","0.000","1","3","","0","0","0","0.000","0","0","0","0","0","0","","","","","","0.043","Tue, 18 Aug 2026 13:37:48 GMT","","","","","1.1","","","","","","https://gympluscoffee.com/cdn/shop/files/SNAPCOLLARSWEATSHIRTUGCPEBBLE-3.jpg?v=1780676442&width=48","2026-09-14 19:08:03"
"https://gympluscoffee.com/cdn/shop/files/ECOM-MENS-RELENTLESS-HOODIE-PETROL-BLUE-3.jpg?v=1786114342&width=48","image/jpeg","200","OK","Indexable","","","0","0","","0","0","","0","","0","","0","","0","","","","","","","","","","2445","2445","2445","0.362","","0","","","","","0.000","1","3","","0","0","0","0.000","0","0","0","0","0","0","","","","","","0.046","Thu, 13 Aug 2026 09:27:26 GMT","","","","","1.1","","","","","","https://gympluscoffee.com/cdn/shop/files/ECOM-MENS-RELENTLESS-HOODIE-PETROL-BLUE-3.jpg?v=1786114342&width=48","2026-09-14 19:08:04"
"https://gympluscoffee.com/products/daily-cuffed-joggers-in-twilight-navy-aw26","text/html; charset=UTF-8","429","Too Many Requests","Non-Indexable","Client Error","","0","0","","0","0","","0","","0","","0","","0","","","","","","","","","","0","0","0","0.000","","0","","","","","0.000","1","1","","2","1","0","2.860","0","0","0","0","0","0","","","","","","0.034","","","","","","1.1","","","","","","https://gympluscoffee.com/products/daily-cuffed-joggers-in-twilight-navy-aw26","2026-09-14 19:08:04"
"https://gympluscoffee.com/cdn/shop/files/ECOM-GAME-CHANGER-PANTS-STONE-GREY-5.jpg?v=1779786061&width=600","image/jpeg","200","OK","Indexable","","","0","0","","0","0","","0","","0","","0","","0","","","","","","","","","","49174","49174","49174","7.288","","0","","","","","0.000","1","3","","0","0","0","0.000","0","0","0","0","0","0","","","","","","0.057","Mon, 07 Sep 2026 11:20:17 GMT","","","","","1.1","","","","","","https://gympluscoffee.com/cdn/shop/files/ECOM-GAME-CHANGER-PANTS-STONE-GREY-5.jpg?v=1779786061&width=600","2026-09-14 19:08:04"
"https://gympluscoffee.com/collections/fleece","text/html; charset=UTF-8","429","Too Many Requests","Non-Indexable","Client Error","","0","0","","0","0","","0","","0","","0","","0","","","","","","","","","","0","0","0","0.000","","0","","","","","0.000","1","1","","35","35","0","100.000","0","0","0","0","0","0","","","","","","0.051","","","","","","1.1","","","","","","https://gympluscoffee.com/collections/fleece","2026-09-14 19:08:04"
"https://gympluscoffee.com/cdn/shop/files/11_3486ca37-7312-4a41-b169-224ac5b51f5f.png?v=1731581857&width=48","image/png","200","OK","Indexable","","","0","0","","0","0","","0","","0","","0","","0","","","","","","","","","","3923","3923","3923","0.581","","0","","","","","0.000","1","3","","0","0","0","0.000","0","0","0","0","0","0","","","","","","0.059","Thu, 23 Jul 2026 02:06:59 GMT","","","","","1.1","","","","","","https://gympluscoffee.com/cdn/shop/files/11_3486ca37-7312-4a41-b169-224ac5b51f5f.png?v=1731581857&width=48","2026-09-14 19:08:04"
"https://gympluscoffee.com/cdn/shop/files/Mobile_Banner_launch-1.png?v=1788786778&width=600","image/png","200","OK","Indexable","","","0","0","","0","0","","0","","0","","0","","0","","","","","","","","","","1266338","1266338","1266338","187.671","","0","","","","","0.000","1","3","","0","0","0","0.000","0","0","0","0","0","0","","","","","","0.039","Tue, 08 Sep 2026 08:48:24 GMT","","","","","1.1","","","","","","https://gympluscoffee.com/cdn/shop/files/Mobile_Banner_launch-1.png?v=1788786778&width=600","2026-09-14 19:08:04"
"https://gympluscoffee.com/cdn/shop/files/CAMPAIGN-ECOM-HIGH-COLLAR-MOCHA-4_81506721-e718-470c-a7ab-a1c77c3d3d63.jpg?v=1788694496&width=48","image/jpeg","200","OK","Indexable","","","0","0","","0","0","","0","","0","","0","","0","","","","","","","","","","2609","2609","2609","0.387","","0","","","","","0.000","1","3","","0","0","0","0.000","0","0","0","0","0","0","","","","","","0.044","Wed, 09 Sep 2026 19:22:27 GMT","","","","","1.1","","","","","","https://gympluscoffee.com/cdn/shop/files/CAMPAIGN-ECOM-HIGH-COLLAR-MOCHA-4_81506721-e718-470c-a7ab-a1c77c3d3d63.jpg?v=1788694496&width=48","2026-09-14 19:08:04"
"https://gympluscoffee.com/collections/mens-jumpers","text/html; charset=UTF-8","429","Too Many Requests","Non-Indexable","Client Error","","0","0","","0","0","","0","","0","","0","","0","","","","","","","","","","0","0","0","0.000","","0","","","","","0.000","1","1","","35","35","0","100.000","0","0","0","0","0","0","","","","","","0.051","","","","","","1.1","","","","","","https://gympluscoffee.com/collections/mens-jumpers","2026-09-14 19:08:04"
"https://gympluscoffee.com/cdn/shop/files/ECOM-DAY-KIND-7_8-LEGGINGS-MOCHA-BEAN-4.jpg?v=1788519719&width=48","image/jpeg","200","OK","Indexable","","","0","0","","0","0","","0","","0","","0","","0","","","","","","","","","","1748","1748","1748","0.259","","0","","","","","0.000","1","3","","0","0","0","0.000","0","0","0","0","0","0","","","","","","0.046","Sat, 05 Sep 2026 19:09:07 GMT","","","","","1.1","","","","","","https://gympluscoffee.com/cdn/shop/files/ECOM-DAY-KIND-7_8-LEGGINGS-MOCHA-BEAN-4.jpg?v=1788519719&width=48","2026-09-14 19:08:04"
"https://gympluscoffee.com/collections/beanies","text/html; charset=UTF-8","429","Too Many Requests","Non-Indexable","Client Error","","0","0","","0","0","","0","","0","","0","","0","","","","","","","","","","0","0","0","0.000","","0","","","","","0.000","1","1","","35","35","0","100.000","0","0","0","0","0","0","","","","","","0.057","","","","","","1.1","","","","","","https://gympluscoffee.com/collections/beanies","2026-09-14 19:08:04"
"https://gympluscoffee.com/cdn/shop/files/ECOM-DAILY-RELAXED-FIT-HOODIE-GLACIAL-BLUE-3.jpg?v=1788357868&width=48","image/jpeg","200","OK","Indexable","","","0","0","","0","0","","0","","0","","0","","0","","","","","","","","","","1961","1961","1961","0.291","","0","","","","","0.000","1","3","","0","0","0","0.000","0","0","0","0","0","0","","","","","","0.058","Mon, 07 Sep 2026 19:38:24 GMT","","","","","1.1","","","","","","https://gympluscoffee.com/cdn/shop/files/ECOM-DAILY-RELAXED-FIT-HOODIE-GLACIAL-BLUE-3.jpg?v=1788357868&width=48","2026-09-14 19:08:04"
"https://gympluscoffee.com/cdn/shop/files/ECOM-SIERRA-DRIFT-HOODIE-GRAPE-NOIR-2.jpg?v=1786120943&width=600","image/jpeg","200","OK","Indexable","","","0","0","","0","0","","0","","0","","0","","0","","","","","","","","","","60245","60245","60245","8.928","","0","","","","","0.000","1","3","","0","0","0","0.000","0","0","0","0","0","0","","","","","","0.055","Wed, 09 Sep 2026 20:25:25 GMT","","","","","1.1","","","","","","https://gympluscoffee.com/cdn/shop/files/ECOM-SIERRA-DRIFT-HOODIE-GRAPE-NOIR-2.jpg?v=1786120943&width=600","2026-09-14 19:08:04"
"https://gympluscoffee.com/cdn/shop/t/26/assets/logo-brandmark-horizontal-all-day-white.svg?v=24387959139771355871783175461","image/svg+xml","200","OK","Indexable","","","0","0","","0","0","","0","","0","","0","","0","","","","","","","","","","0","0","0","0.000","","0","","","","","0.000","1","5","","0","0","0","0.000","0","0","0","0","0","0","","","","","","0.037","Tue, 01 Sep 2026 06:02:28 GMT","","","","","1.1","","","","","","https://gympluscoffee.com/cdn/shop/t/26/assets/logo-brandmark-horizontal-all-day-white.svg?v=24387959139771355871783175461","2026-09-14 19:08:04"
"https://gympluscoffee.com/cdn/shop/files/ECOM-MENS-RELENTLESS-7_-SHORTS-PETROL-BLUE-7.jpg?v=1786114229&width=600","image/jpeg","200","OK","Indexable","","","0","0","","0","0","","0","","0","","0","","0","","","","","","","","","","96085","96085","96085","14.240","","0","","","","","0.000","1","3","","0","0","0","0.000","0","0","0","0","0","0","","","","","","0.152","Mon, 14 Sep 2026 18:08:04 GMT","","","","","1.1","","","","","","https://gympluscoffee.com/cdn/shop/files/ECOM-MENS-RELENTLESS-7_-SHORTS-PETROL-BLUE-7.jpg?v=1786114229&width=600","2026-09-14 19:08:04"
"https://gympluscoffee.com/pages/contact","text/html; charset=UTF-8","429","Too Many Requests","Non-Indexable","Client Error","","0","0","","0","0","","0","","0","","0","","0","","","","","","","","","","0","0","0","0.000","","0","","","","","0.000","1","1","","36","35","0","100.000","0","0","0","0","0","0","","","","","","0.042","","","","","","1.1","","","","","","https://gympluscoffee.com/pages/contact","2026-09-14 19:08:04"
"https://gympluscoffee.com/cdn/shop/files/ECOM-MENS-RELENTLESS-HOODIE-PETROL-BLUE-3.jpg?v=1786114342&width=600","image/jpeg","200","OK","Indexable","","","0","0","","0","0","","0","","0","","0","","0","","","","","","","","","","53191","53191","53191","7.883","","0","","","","","0.000","1","3","","0","0","0","0.000","0","0","0","0","0","0","","","","","","0.061","Sun, 13 Sep 2026 13:00:35 GMT","","","","","1.1","","","","","","https://gympluscoffee.com/cdn/shop/files/ECOM-MENS-RELENTLESS-HOODIE-PETROL-BLUE-3.jpg?v=1786114342&width=600","2026-09-14 19:08:04"
"https://gympluscoffee.com/collections/mens-outerwear","text/html; charset=UTF-8","429","Too Many Requests","Non-Indexable","Client Error","","0","0","","0","0","","0","","0","","0","","0","","","","","","","","","","0","0","0","0.000","","0","","","","","0.000","1","1","","35","35","0","100.000","0","0","0","0","0","0","","","","","","0.051","","","","","","1.1","","","","","","https://gympluscoffee.com/collections/mens-outerwear","2026-09-14 19:08:04"
"https://gympluscoffee.com/products/relentless-zip-hoodie-in-petrol-blue-ss26-m","text/html; charset=UTF-8","429","Too Many Requests","Non-Indexable","Client Error","","0","0","","0","0","","0","","0","","0","","0","","","","","","","","","","0","0","0","0.000","","0","","","","","0.000","1","1","","6","3","0","8.570","0","0","0","0","0","0","","","","","","0.032","","","","","","1.1","","","","","","https://gympluscoffee.com/products/relentless-zip-hoodie-in-petrol-blue-ss26-m","2026-09-14 19:08:04"
"https://gympluscoffee.com/cdn/shop/files/ECOM-GPC-QUARTER-SOCKS-SPRINT-GREEN-1.jpg?v=1773269784&width=600","image/jpeg","200","OK","Indexable","","","0","0","","0","0","","0","","0","","0","","0","","","","","","","","","","38302","38302","38302","5.676","","0","","","","","0.000","1","3","","0","0","0","0.000","0","0","0","0","0","0","","","","","","0.037","Sun, 13 Sep 2026 14:29:15 GMT","","","","","1.1","","","","","","https://gympluscoffee.com/cdn/shop/files/ECOM-GPC-QUARTER-SOCKS-SPRINT-GREEN-1.jpg?v=1773269784&width=600","2026-09-14 19:08:04"
"https://gympluscoffee.com/cdn/shop/files/ECOM-SIERRA-DRIFT-HOODIE-GRAPE-NOIR-2.jpg?v=1786120943&width=48","image/jpeg","200","OK","Indexable","","","0","0","","0","0","","0","","0","","0","","0","","","","","","","","","","2157","2157","2157","0.320","","0","","","","","0.000","1","3","","0","0","0","0.000","0","0","0","0","0","0","","","","","","0.046","Wed, 09 Sep 2026 19:22:27 GMT","","","","","1.1","","","","","","https://gympluscoffee.com/cdn/shop/files/ECOM-SIERRA-DRIFT-HOODIE-GRAPE-NOIR-2.jpg?v=1786120943&width=48","2026-09-14 19:08:04"
"https://gympluscoffee.com/cdn/shop/files/UGC_Industry_Fleece_Half_Zip_Ballet_Pink_4.jpg?v=1789394209&width=48","image/jpeg","200","OK","Indexable","","","0","0","","0","0","","0","","0","","0","","0","","","","","","","","","","2180","2180","2180","0.323","","0","","","","","0.000","1","3","","0","0","0","0.000","0","0","0","0","0","0","","","","","","0.067","Mon, 14 Sep 2026 18:08:04 GMT","","","","","1.1","","","","","","https://gympluscoffee.com/cdn/shop/files/UGC_Industry_Fleece_Half_Zip_Ballet_Pink_4.jpg?v=1789394209&width=48","2026-09-14 19:08:04"
"https://gympluscoffee.com/products/snap-polar-fleece-in-glacial-blue-aw26","text/html; charset=UTF-8","429","Too Many Requests","Non-Indexable","Client Error","","0","0","","0","0","","0","","0","","0","","0","","","","","","","","","","0","0","0","0.000","","0","","","","","0.000","1","1","","10","4","0","11.430","0","0","0","0","0","0","","","","","","0.049","","","","","","1.1","","","","","","https://gympluscoffee.com/products/snap-polar-fleece-in-glacial-blue-aw26","2026-09-14 19:08:04"
"https://gympluscoffee.com/cdn/shop/files/ECOM-INDUSTRY-HALF-ZIP-FLEECE-BALLET-PINK-10.jpg?v=1788470222&width=48","image/jpeg","200","OK","Indexable","","","0","0","","0","0","","0","","0","","0","","0","","","","","","","","","","2214","2214","2214","0.328","","0","","","","","0.000","1","3","","0","0","0","0.000","0","0","0","0","0","0","","","","","","0.038","Wed, 09 Sep 2026 19:22:27 GMT","","","","","1.1","","","","","","https://gympluscoffee.com/cdn/shop/files/ECOM-INDUSTRY-HALF-ZIP-FLEECE-BALLET-PINK-10.jpg?v=1788470222&width=48","2026-09-14 19:08:04"
"https://gympluscoffee.com/collections/bra","text/html; charset=UTF-8","429","Too Many Requests","Non-Indexable","Client Error","","0","0","","0","0","","0","","0","","0","","0","","","","","","","","","","0","0","0","0.000","","0","","","","","0.000","1","1","","35","35","0","100.000","0","0","0","0","0","0","","","","","","0.039","","","","","","1.1","","","","","","https://gympluscoffee.com/collections/bra","2026-09-14 19:08:04"
"https://gympluscoffee.com/cdn/shop/files/ECOM-HORIZON-FULL-ZIP-FLEECE-WARM-WHITE-9.jpg?v=1788469897&width=600","image/jpeg","200","OK","Indexable","","","0","0","","0","0","","0","","0","","0","","0","","","","","","","","","","41543","41543","41543","6.157","","0","","","","","0.000","1","3","","0","0","0","0.000","0","0","0","0","0","0","","","","","","0.042","Wed, 09 Sep 2026 11:36:13 GMT","","","","","1.1","","","","","","https://gympluscoffee.com/cdn/shop/files/ECOM-HORIZON-FULL-ZIP-FLEECE-WARM-WHITE-9.jpg?v=1788469897&width=600","2026-09-14 19:08:04"
"https://gympluscoffee.com/cdn/shop/files/CAMPAIGN-ECOM-HOODED-NATURAL-4-2.jpg?v=1788692691&width=48","image/jpeg","200","OK","Indexable","","","0","0","","0","0","","0","","0","","0","","0","","","","","","","","","","2551","2551","2551","0.378","","0","","","","","0.000","1","3","","0","0","0","0.000","0","0","0","0","0","0","","","","","","0.038","Wed, 09 Sep 2026 19:22:27 GMT","","","","","1.1","","","","","","https://gympluscoffee.com/cdn/shop/files/CAMPAIGN-ECOM-HOODED-NATURAL-4-2.jpg?v=1788692691&width=48","2026-09-14 19:08:04"
"https://gympluscoffee.com/cdn/shop/files/ECOM-IN-MOTION-JOGGERS-CHARCOAL-2.jpg?v=1788624858&width=600","image/jpeg","200","OK","Indexable","","","0","0","","0","0","","0","","0","","0","","0","","","","","","","","","","50085","50085","50085","7.423","","0","","","","","0.000","1","3","","0","0","0","0.000","0","0","0","0","0","0","","","","","","0.488","Mon, 14 Sep 2026 18:08:04 GMT","","","","","1.1","","","","","","https://gympluscoffee.com/cdn/shop/files/ECOM-IN-MOTION-JOGGERS-CHARCOAL-2.jpg?v=1788624858&width=600","2026-09-14 19:08:03"
"https://gympluscoffee.com/products/350ml-hydrate-bottle-in-neon-pink","text/html; charset=UTF-8","429","Too Many Requests","Non-Indexable","Client Error","","0","0","","0","0","","0","","0","","0","","0","","","","","","","","","","0","0","0","0.000","","0","","","","","0.000","1","1","","70","35","0","100.000","0","0","0","0","0","0","","","","","","0.038","","","","","","1.1","","","","","","https://gympluscoffee.com/products/350ml-hydrate-bottle-in-neon-pink","2026-09-14 19:08:04"
"https://gympluscoffee.com/policies/shipping-policy","text/html; charset=UTF-8","429","Too Many Requests","Non-Indexable","Client Error","","0","0","","0","0","","0","","0","","0","","0","","","","","","","","","","0","0","0","0.000","","0","","","","","0.000","1","1","","70","35","0","100.000","0","0","0","0","0","0","","","","","","0.044","","","","","","1.1","","","","","","https://gympluscoffee.com/policies/shipping-policy","2026-09-14 19:08:04"
"https://gympluscoffee.com/cdn/shop/files/ECOM-DAILY-RELAXED-FIT-HOODIE-GLACIAL-BLUE-3.jpg?v=1788357868&width=600","image/jpeg","200","OK","Indexable","","","0","0","","0","0","","0","","0","","0","","0","","","","","","","","","","39589","39589","39589","5.867","","0","","","","","0.000","1","3","","0","0","0","0.000","0","0","0","0","0","0","","","","","","0.062","Mon, 14 Sep 2026 18:08:04 GMT","","","","","1.1","","","","","","https://gympluscoffee.com/cdn/shop/files/ECOM-DAILY-RELAXED-FIT-HOODIE-GLACIAL-BLUE-3.jpg?v=1788357868&width=600","2026-09-14 19:08:04"
"https://gympluscoffee.com/cdn/shop/collections/mens-short-sleeve-gym-coffee_1f4e7e42-0d8d-4406-a4b6-2b2a266135fb.jpg?v=1784017262&width=48","image/jpeg","200","OK","Indexable","","","0","0","","0","0","","0","","0","","0","","0","","","","","","","","","","1566","1566","1566","0.232","","0","","","","","0.000","1","3","","0","0","0","0.000","0","0","0","0","0","0","","","","","","0.043","Mon, 10 Aug 2026 04:29:24 GMT","","","","","1.1","","","","","","https://gympluscoffee.com/cdn/shop/collections/mens-short-sleeve-gym-coffee_1f4e7e42-0d8d-4406-a4b6-2b2a266135fb.jpg?v=1784017262&width=48","2026-09-14 19:08:04"
"https://gympluscoffee.com/cdn/shop/files/ECOM-DAY-KIND-7_8-LEGGINGS-MOCHA-BEAN-2.jpg?v=1788519719&width=48","image/jpeg","200","OK","Indexable","","","0","0","","0","0","","0","","0","","0","","0","","","","","","","","","","2013","2013","2013","0.298","","0","","","","","0.000","1","3","","0","0","0","0.000","0","0","0","0","0","0","","","","","","0.041","Fri, 04 Sep 2026 12:03:09 GMT","","","","","1.1","","","","","","https://gympluscoffee.com/cdn/shop/files/ECOM-DAY-KIND-7_8-LEGGINGS-MOCHA-BEAN-2.jpg?v=1788519719&width=48","2026-09-14 19:08:04"
"https://gympluscoffee.com/cdn/shop/files/CAMPAIGN-ECOM-HORIZON-MOCHA-BEAN-1.jpg?v=1788695760&width=48","image/jpeg","200","OK","Indexable","","","0","0","","0","0","","0","","0","","0","","0","","","","","","","","","","2710","2710","2710","0.402","","0","","","","","0.000","1","3","","0","0","0","0.000","0","0","0","0","0","0","","","","","","0.046","Mon, 07 Sep 2026 20:09:56 GMT","","","","","1.1","","","","","","https://gympluscoffee.com/cdn/shop/files/CAMPAIGN-ECOM-HORIZON-MOCHA-BEAN-1.jpg?v=1788695760&width=48","2026-09-14 19:08:04"
"https://gympluscoffee.com/cdn/shop/files/ECOM-RELENTLESS-FULL-ZIP-GRAPE-NOIR-11_a51fc71d-0431-460e-8314-25079703d4f0.jpg?v=1786552858&width=48","image/jpeg","200","OK","Indexable","","","0","0","","0","0","","0","","0","","0","","0","","","","","","","","","","2248","2248","2248","0.333","","0","","","","","0.000","1","3","","0","0","0","0.000","0","0","0","0","0","0","","","","","","0.037","Wed, 02 Sep 2026 07:22:20 GMT","","","","","1.1","","","","","","https://gympluscoffee.com/cdn/shop/files/ECOM-RELENTLESS-FULL-ZIP-GRAPE-NOIR-11_a51fc71d-0431-460e-8314-25079703d4f0.jpg?v=1786552858&width=48","2026-09-14 19:08:04"
"https://gympluscoffee.com/products/snap-polar-fleece-in-pale-vanilla-aw26","text/html; charset=UTF-8","429","Too Many Requests","Non-Indexable","Client Error","","0","0","","0","0","","0","","0","","0","","0","","","","","","","","","","0","0","0","0.000","","0","","","","","0.000","1","1","","10","4","0","11.430","0","0","0","0","0","0","","","","","","0.034","","","","","","1.1","","","","","","https://gympluscoffee.com/products/snap-polar-fleece-in-pale-vanilla-aw26","2026-09-14 19:08:04"
"https://gympluscoffee.com/collections/mens-hoodies","text/html; charset=UTF-8","429","Too Many Requests","Non-Indexable","Client Error","","0","0","","0","0","","0","","0","","0","","0","","","","","","","","","","0","0","0","0.000","","0","","","","","0.000","1","1","","36","35","0","100.000","0","0","0","0","0","0","","","","","","0.053","","","","","","1.1","","","","","","https://gympluscoffee.com/collections/mens-hoodies","2026-09-14 19:08:04"
"https://gympluscoffee.com/cdn/shop/files/ECOM-IN-MOTION-JOGGERS-CHARCOAL-1.jpg?v=1788624857&width=48","image/jpeg","200","OK","Indexable","","","0","0","","0","0","","0","","0","","0","","0","","","","","","","","","","2166","2166","2166","0.321","","0","","","","","0.000","1","3","","0","0","0","0.000","0","0","0","0","0","0","","","","","","0.064","Tue, 08 Sep 2026 14:24:59 GMT","","","","","1.1","","","","","","https://gympluscoffee.com/cdn/shop/files/ECOM-IN-MOTION-JOGGERS-CHARCOAL-1.jpg?v=1788624857&width=48","2026-09-14 19:08:04"
"https://gympluscoffee.com/cdn/shop/files/ECOM-DAILY-CUFF-JOGGERS-TWILIGHT-NAVY-7.jpg?v=1788361632&width=600","image/jpeg","200","OK","Indexable","","","0","0","","0","0","","0","","0","","0","","0","","","","","","","","","","84759","84759","84759","12.561","","0","","","","","0.000","1","3","","0","0","0","0.000","0","0","0","0","0","0","","","","","","0.065","Mon, 14 Sep 2026 18:08:04 GMT","","","","","1.1","","","","","","https://gympluscoffee.com/cdn/shop/files/ECOM-DAILY-CUFF-JOGGERS-TWILIGHT-NAVY-7.jpg?v=1788361632&width=600","2026-09-14 19:08:04"
"https://gympluscoffee.com/cdn/shop/files/G_C-LONG-SOCK-WHITE-1.png?v=1731581736&width=48","image/png","200","OK","Indexable","","","0","0","","0","0","","0","","0","","0","","0","","","","","","","","","","2190","2190","2190","0.325","","0","","","","","0.000","1","3","","0","0","0","0.000","0","0","0","0","0","0","","","","","","0.042","Tue, 25 Aug 2026 05:58:58 GMT","","","","","1.1","","","","","","https://gympluscoffee.com/cdn/shop/files/G_C-LONG-SOCK-WHITE-1.png?v=1731581736&width=48","2026-09-14 19:08:04"
"https://gympluscoffee.com/cdn/shop/files/ECOM-EVERYDAY-RELAXED-TEE-WARM-WHITE-6.jpg?v=1788359967&width=48","image/jpeg","200","OK","Indexable","","","0","0","","0","0","","0","","0","","0","","0","","","","","","","","","","2049","2049","2049","0.304","","0","","","","","0.000","1","3","","0","0","0","0.000","0","0","0","0","0","0","","","","","","0.045","Wed, 09 Sep 2026 19:22:27 GMT","","","","","1.1","","","","","","https://gympluscoffee.com/cdn/shop/files/ECOM-EVERYDAY-RELAXED-TEE-WARM-WHITE-6.jpg?v=1788359967&width=48","2026-09-14 19:08:04"
"https://gympluscoffee.com/collections/last-bloom","text/html; charset=UTF-8","429","Too Many Requests","Non-Indexable","Client Error","","0","0","","0","0","","0","","0","","0","","0","","","","","","","","","","0","0","0","0.000","","0","","","","","0.000","1","1","","35","35","0","100.000","0","0","0","0","0","0","","","","","","0.038","","","","","","1.1","","","","","","https://gympluscoffee.com/collections/last-bloom","2026-09-14 19:08:04"
"https://gympluscoffee.com/cdn/shop/files/ECOM-EVERYDAY-RELAXED-TEE-WARM-WHITE-6.jpg?v=1788359967&width=600","image/jpeg","200","OK","Indexable","","","0","0","","0","0","","0","","0","","0","","0","","","","","","","","","","51244","51244","51244","7.594","","0","","","","","0.000","1","3","","0","0","0","0.000","0","0","0","0","0","0","","","","","","0.180","Mon, 14 Sep 2026 18:08:04 GMT","","","","","1.1","","","","","","https://gympluscoffee.com/cdn/shop/files/ECOM-EVERYDAY-RELAXED-TEE-WARM-WHITE-6.jpg?v=1788359967&width=600","2026-09-14 19:08:04"
"https://gympluscoffee.com/products/snap-polar-fleece-in-pink-blossom-aw26","text/html; charset=UTF-8","429","Too Many Requests","Non-Indexable","Client Error","","0","0","","0","0","","0","","0","","0","","0","","","","","","","","","","0","0","0","0.000","","0","","","","","0.000","1","1","","10","4","0","11.430","0","0","0","0","0","0","","","","","","0.039","","","","","","1.1","","","","","","https://gympluscoffee.com/products/snap-polar-fleece-in-pink-blossom-aw26","2026-09-14 19:08:04"
"https://gympluscoffee.com/cdn/shop/files/CAMPAIGN-ECOM-HIGH-COLLAR-MOCHA-4_81506721-e718-470c-a7ab-a1c77c3d3d63.jpg?v=1788694496&width=600","image/jpeg","200","OK","Indexable","","","0","0","","0","0","","0","","0","","0","","0","","","","","","","","","","161605","161605","161605","23.950","","0","","","","","0.000","1","3","","0","0","0","0.000","0","0","0","0","0","0","","","","","","0.039","Tue, 08 Sep 2026 09:34:39 GMT","","","","","1.1","","","","","","https://gympluscoffee.com/cdn/shop/files/CAMPAIGN-ECOM-HIGH-COLLAR-MOCHA-4_81506721-e718-470c-a7ab-a1c77c3d3d63.jpg?v=1788694496&width=600","2026-09-14 19:08:04"
"https://gympluscoffee.com/cdn/shop/files/CAMPAIGN-ECOM-POLAR-FLEECE-PALE-VANILLA-6.jpg?v=1787838984&width=48","image/jpeg","200","OK","Indexable","","","0","0","","0","0","","0","","0","","0","","0","","","","","","","","","","2559","2559","2559","0.379","","0","","","","","0.000","1","3","","0","0","0","0.000","0","0","0","0","0","0","","","","","","0.051","Sun, 30 Aug 2026 13:34:48 GMT","","","","","1.1","","","","","","https://gympluscoffee.com/cdn/shop/files/CAMPAIGN-ECOM-POLAR-FLEECE-PALE-VANILLA-6.jpg?v=1787838984&width=48","2026-09-14 19:08:04"
"https://gympluscoffee.com/cdn/shop/files/ECOM-GAME-CHANGER-PANTS-STONE-GREY-2.jpg?v=1779786069&width=600","image/jpeg","200","OK","Indexable","","","0","0","","0","0","","0","","0","","0","","0","","","","","","","","","","40597","40597","40597","6.016","","0","","","","","0.000","1","3","","0","0","0","0.000","0","0","0","0","0","0","","","","","","0.049","Mon, 31 Aug 2026 19:57:26 GMT","","","","","1.1","","","","","","https://gympluscoffee.com/cdn/shop/files/ECOM-GAME-CHANGER-PANTS-STONE-GREY-2.jpg?v=1779786069&width=600","2026-09-14 19:08:04"
"https://gympluscoffee.com/cdn/shop/files/ECOM-SNAP-POLAR-FLEECE-PINK-BLOSSOM-11.jpg?v=1787839321&width=600","image/jpeg","200","OK","Indexable","","","0","0","","0","0","","0","","0","","0","","0","","","","","","","","","","41182","41182","41182","6.103","","0","","","","","0.000","1","3","","0","0","0","0.000","0","0","0","0","0","0","","","","","","0.054","Sun, 30 Aug 2026 10:19:10 GMT","","","","","1.1","","","","","","https://gympluscoffee.com/cdn/shop/files/ECOM-SNAP-POLAR-FLEECE-PINK-BLOSSOM-11.jpg?v=1787839321&width=600","2026-09-14 19:08:04"
"https://gympluscoffee.com/cdn/shop/files/ECOM-350ML-HYDRATE-BOTTLE-NEON-PINK-3_2118297f-42f7-47d4-b1c4-5179b4e00089.jpg?v=1774448597&width=48","image/jpeg","200","OK","Indexable","","","0","0","","0","0","","0","","0","","0","","0","","","","","","","","","","1464","1464","1464","0.217","","0","","","","","0.000","1","3","","0","0","0","0.000","0","0","0","0","0","0","","","","","","0.040","Tue, 25 Aug 2026 07:34:01 GMT","","","","","1.1","","","","","","https://gympluscoffee.com/cdn/shop/files/ECOM-350ML-HYDRATE-BOTTLE-NEON-PINK-3_2118297f-42f7-47d4-b1c4-5179b4e00089.jpg?v=1774448597&width=48","2026-09-14 19:08:04"
"https://gympluscoffee.com/cdn/shop/files/ECOM-CONTENDER-SHORTS-GRAPE-NOIR-2_b49f9730-9cdc-466f-9365-201d305f87c9.jpg?v=1786552836&width=48","image/jpeg","200","OK","Indexable","","","0","0","","0","0","","0","","0","","0","","0","","","","","","","","","","2238","2238","2238","0.332","","0","","","","","0.000","1","3","","0","0","0","0.000","0","0","0","0","0","0","","","","","","0.043","Wed, 09 Sep 2026 19:22:27 GMT","","","","","1.1","","","","","","https://gympluscoffee.com/cdn/shop/files/ECOM-CONTENDER-SHORTS-GRAPE-NOIR-2_b49f9730-9cdc-466f-9365-201d305f87c9.jpg?v=1786552836&width=48","2026-09-14 19:08:04"
"https://gympluscoffee.com/cdn/shop/files/ECOM-DAY-KIND-7_8-LEGGINGS-MOCHA-BEAN-4.jpg?v=1788519719&width=600","image/jpeg","200","OK","Indexable","","","0","0","","0","0","","0","","0","","0","","0","","","","","","","","","","39261","39261","39261","5.818","","0","","","","","0.000","1","3","","0","0","0","0.000","0","0","0","0","0","0","","","","","","0.091","Fri, 04 Sep 2026 11:36:06 GMT","","","","","1.1","","","","","","https://gympluscoffee.com/cdn/shop/files/ECOM-DAY-KIND-7_8-LEGGINGS-MOCHA-BEAN-4.jpg?v=1788519719&width=600","2026-09-14 19:08:04"
"https://gympluscoffee.com/cdn/shop/files/ECOM-SIERRA-DRIFT-HOODIE-STORMY-BLUE-3.jpg?v=1786120862&width=600","image/jpeg","200","OK","Indexable","","","0","0","","0","0","","0","","0","","0","","0","","","","","","","","","","46133","46133","46133","6.837","","0","","","","","0.000","1","3","","0","0","0","0.000","0","0","0","0","0","0","","","","","","0.053","Wed, 09 Sep 2026 19:19:24 GMT","","","","","1.1","","","","","","https://gympluscoffee.com/cdn/shop/files/ECOM-SIERRA-DRIFT-HOODIE-STORMY-BLUE-3.jpg?v=1786120862&width=600","2026-09-14 19:08:04"
"https://gympluscoffee.com/cdn/shop/files/11_3486ca37-7312-4a41-b169-224ac5b51f5f.png?v=1731581857&width=600","image/png","200","OK","Indexable","","","0","0","","0","0","","0","","0","","0","","0","","","","","","","","","","339179","339179","339179","50.266","","0","","","","","0.000","1","3","","0","0","0","0.000","0","0","0","0","0","0","","","","","","0.059","Sun, 13 Sep 2026 14:29:15 GMT","","","","","1.1","","","","","","https://gympluscoffee.com/cdn/shop/files/11_3486ca37-7312-4a41-b169-224ac5b51f5f.png?v=1731581857&width=600","2026-09-14 19:08:04"
"https://gympluscoffee.com/cdn/shop/collections/FLEECES-MENS-COLLECTION-BANENR.jpg?v=1784555659&width=48","image/jpeg","200","OK","Indexable","","","0","0","","0","0","","0","","0","","0","","0","","","","","","","","","","1368","1368","1368","0.203","","0","","","","","0.000","1","3","","0","0","0","0.000","0","0","0","0","0","0","","","","","","0.053","Tue, 25 Aug 2026 12:53:24 GMT","","","","","1.1","","","","","","https://gympluscoffee.com/cdn/shop/collections/FLEECES-MENS-COLLECTION-BANENR.jpg?v=1784555659&width=48","2026-09-14 19:08:04"
"https://gympluscoffee.com/cdn/shop/collections/men-s-hoodies-gym-coffee_e556f76b-15ed-4f53-b258-6354e9f08633.jpg?v=1784109057&width=48","image/jpeg","200","OK","Indexable","","","0","0","","0","0","","0","","0","","0","","0","","","","","","","","","","1315","1315","1315","0.195","","0","","","","","0.000","1","3","","0","0","0","0.000","0","0","0","0","0","0","","","","","","0.040","Wed, 02 Sep 2026 09:17:17 GMT","","","","","1.1","","","","","","https://gympluscoffee.com/cdn/shop/collections/men-s-hoodies-gym-coffee_e556f76b-15ed-4f53-b258-6354e9f08633.jpg?v=1784109057&width=48","2026-09-14 19:08:04"
"https://gympluscoffee.com/cdn/shop/collections/WOMENS-TEES-TANKS_6e320377-88c0-41b6-bbf9-69dee2845399.jpg?v=1784018119&width=600","image/jpeg","200","OK","Indexable","","","0","0","","0","0","","0","","0","","0","","0","","","","","","","","","","21709","21709","21709","3.217","","0","","","","","0.000","1","3","","0","0","0","0.000","0","0","0","0","0","0","","","","","","0.060","Mon, 14 Sep 2026 18:08:04 GMT","","","","","1.1","","","","","","https://gympluscoffee.com/cdn/shop/collections/WOMENS-TEES-TANKS_6e320377-88c0-41b6-bbf9-69dee2845399.jpg?v=1784018119&width=600","2026-09-14 19:08:04"
"https://gympluscoffee.com/cdn/shop/files/ECOM-RELENTLESS-FULL-ZIP-GRAPE-NOIR-11_a51fc71d-0431-460e-8314-25079703d4f0.jpg?v=1786552858&width=600","image/jpeg","200","OK","Indexable","","","0","0","","0","0","","0","","0","","0","","0","","","","","","","","","","45531","45531","45531","6.748","","0","","","","","0.000","1","3","","0","0","0","0.000","0","0","0","0","0","0","","","","","","0.051","Thu, 13 Aug 2026 15:18:29 GMT","","","","","1.1","","","","","","https://gympluscoffee.com/cdn/shop/files/ECOM-RELENTLESS-FULL-ZIP-GRAPE-NOIR-11_a51fc71d-0431-460e-8314-25079703d4f0.jpg?v=1786552858&width=600","2026-09-14 19:08:04"
"https://gympluscoffee.com/cdn/shop/files/ECOM-SIERRA-DRIFT-HOODIE-TWILIGHT-NAVY-4.jpg?v=1786121028&width=600","image/jpeg","200","OK","Indexable","","","0","0","","0","0","","0","","0","","0","","0","","","","","","","","","","67669","67669","67669","10.029","","0","","","","","0.000","1","3","","0","0","0","0.000","0","0","0","0","0","0","","","","","","0.037","Fri, 11 Sep 2026 12:35:25 GMT","","","","","1.1","","","","","","https://gympluscoffee.com/cdn/shop/files/ECOM-SIERRA-DRIFT-HOODIE-TWILIGHT-NAVY-4.jpg?v=1786121028&width=600","2026-09-14 19:08:04"
"https://gympluscoffee.com/cdn/shop/files/CAMPAIGN-ECOM-HIGH-COLLAR-NATURAL-3-2.jpg?v=1788692786&width=48","image/jpeg","200","OK","Indexable","","","0","0","","0","0","","0","","0","","0","","0","","","","","","","","","","2827","2827","2827","0.419","","0","","","","","0.000","1","3","","0","0","0","0.000","0","0","0","0","0","0","","","","","","0.049","Wed, 09 Sep 2026 19:22:27 GMT","","","","","1.1","","","","","","https://gympluscoffee.com/cdn/shop/files/CAMPAIGN-ECOM-HIGH-COLLAR-NATURAL-3-2.jpg?v=1788692786&width=48","2026-09-14 19:08:04"
"https://gympluscoffee.com/collections/field-notes","text/html; charset=UTF-8","429","Too Many Requests","Non-Indexable","Client Error","","0","0","","0","0","","0","","0","","0","","0","","","","","","","","","","0","0","0","0.000","","0","","","","","0.000","1","1","","2","1","0","2.860","0","0","0","0","0","0","","","","","","0.033","","","","","","1.1","","","","","","https://gympluscoffee.com/collections/field-notes","2026-09-14 19:08:04"
"https://gympluscoffee.com/cdn/shop/files/ECOM-MENS-RELENTLESS-MIDLAYER-PETROL-BLUE-4.jpg?v=1786109829&width=600","image/jpeg","200","OK","Indexable","","","0","0","","0","0","","0","","0","","0","","0","","","","","","","","","","85041","85041","85041","12.603","","0","","","","","0.000","1","3","","0","0","0","0.000","0","0","0","0","0","0","","","","","","0.037","Fri, 14 Aug 2026 12:50:52 GMT","","","","","1.1","","","","","","https://gympluscoffee.com/cdn/shop/files/ECOM-MENS-RELENTLESS-MIDLAYER-PETROL-BLUE-4.jpg?v=1786109829&width=600","2026-09-14 19:08:04"
"https://gympluscoffee.com/cdn/shop/files/ECOM-EVERYDAY-RELAXED-TEE-WARM-WHITE-3.jpg?v=1788359968&width=600","image/jpeg","200","OK","Indexable","","","0","0","","0","0","","0","","0","","0","","0","","","","","","","","","","41219","41219","41219","6.109","","0","","","","","0.000","1","3","","0","0","0","0.000","0","0","0","0","0","0","","","","","","0.069","Mon, 14 Sep 2026 18:08:04 GMT","","","","","1.1","","","","","","https://gympluscoffee.com/cdn/shop/files/ECOM-EVERYDAY-RELAXED-TEE-WARM-WHITE-3.jpg?v=1788359968&width=600","2026-09-14 19:08:04"
"https://gympluscoffee.com/cdn/shop/files/ECOM-MAUREEN-MOORES-MOCHA-BEAN-2.jpg?v=1786455423&width=48","image/jpeg","200","OK","Indexable","","","0","0","","0","0","","0","","0","","0","","0","","","","","","","","","","2012","2012","2012","0.298","","0","","","","","0.000","1","3","","0","0","0","0.000","0","0","0","0","0","0","","","","","","0.037","Thu, 13 Aug 2026 19:14:34 GMT","","","","","1.1","","","","","","https://gympluscoffee.com/cdn/shop/files/ECOM-MAUREEN-MOORES-MOCHA-BEAN-2.jpg?v=1786455423&width=48","2026-09-14 19:08:04"
"https://gympluscoffee.com/cdn/shop/files/ECOM-INDUSTRY-HIGH-COLLAR-MOCHA-BEAN-9.jpg?v=1788470322&width=48","image/jpeg","200","OK","Indexable","","","0","0","","0","0","","0","","0","","0","","0","","","","","","","","","","2248","2248","2248","0.333","","0","","","","","0.000","1","3","","0","0","0","0.000","0","0","0","0","0","0","","","","","","0.040","Tue, 08 Sep 2026 09:10:52 GMT","","","","","1.1","","","","","","https://gympluscoffee.com/cdn/shop/files/ECOM-INDUSTRY-HIGH-COLLAR-MOCHA-BEAN-9.jpg?v=1788470322&width=48","2026-09-14 19:08:04"
"https://gympluscoffee.com/collections/womens-crew-neck","text/html; charset=UTF-8","429","Too Many Requests","Non-Indexable","Client Error","","0","0","","0","0","","0","","0","","0","","0","","","","","","","","","","0","0","0","0.000","","0","","","","","0.000","1","1","","36","35","0","100.000","0","0","0","0","0","0","","","","","","0.047","","","","","","1.1","","","","","","https://gympluscoffee.com/collections/womens-crew-neck","2026-09-14 19:08:04"
"https://gympluscoffee.com/cdn/shop/files/ECOM-MENS-RELENTLESS-HOODIE-PETROL-BLUE-1.jpg?v=1786114343&width=48","image/jpeg","200","OK","Indexable","","","0","0","","0","0","","0","","0","","0","","0","","","","","","","","","","2310","2310","2310","0.342","","0","","","","","0.000","1","3","","0","0","0","0.000","0","0","0","0","0","0","","","","","","0.045","Mon, 14 Sep 2026 06:20:37 GMT","","","","","1.1","","","","","","https://gympluscoffee.com/cdn/shop/files/ECOM-MENS-RELENTLESS-HOODIE-PETROL-BLUE-1.jpg?v=1786114343&width=48","2026-09-14 19:08:04"
"https://gympluscoffee.com/cdn/shop/files/SNAPCOLLARSWEATSHIRTUGCPEBBLE-3.jpg?v=1780676442&width=600","image/jpeg","200","OK","Indexable","","","0","0","","0","0","","0","","0","","0","","0","","","","","","","","","","89719","89719","89719","13.296","","0","","","","","0.000","1","3","","0","0","0","0.000","0","0","0","0","0","0","","","","","","0.052","Wed, 12 Aug 2026 11:40:37 GMT","","","","","1.1","","","","","","https://gympluscoffee.com/cdn/shop/files/SNAPCOLLARSWEATSHIRTUGCPEBBLE-3.jpg?v=1780676442&width=600","2026-09-14 19:08:04"
"https://gympluscoffee.com/products/quarter-length-everyday-sock-in-white","text/html; charset=UTF-8","429","Too Many Requests","Non-Indexable","Client Error","","0","0","","0","0","","0","","0","","0","","0","","","","","","","","","","0","0","0","0.000","","0","","","","","0.000","1","1","","73","35","0","100.000","0","0","0","0","0","0","","","","","","0.036","","","","","","1.1","","","","","","https://gympluscoffee.com/products/quarter-length-everyday-sock-in-white","2026-09-14 19:08:04"
"https://gympluscoffee.com/cdn/shop/files/ECOM-IN-MOTION-JOGGERS-CHARCOAL-2.jpg?v=1788624858&width=48","image/jpeg","200","OK","Indexable","","","0","0","","0","0","","0","","0","","0","","0","","","","","","","","","","1944","1944","1944","0.288","","0","","","","","0.000","1","3","","0","0","0","0.000","0","0","0","0","0","0","","","","","","0.045","Wed, 09 Sep 2026 19:22:28 GMT","","","","","1.1","","","","","","https://gympluscoffee.com/cdn/shop/files/ECOM-IN-MOTION-JOGGERS-CHARCOAL-2.jpg?v=1788624858&width=48","2026-09-14 19:08:04"
"https://gympluscoffee.com/cdn/shop/files/ECOM-KNIT-HALF-ZIP-GRAPE-NOIR-6.jpg?v=1786121898&width=600","image/jpeg","200","OK","Indexable","","","0","0","","0","0","","0","","0","","0","","0","","","","","","","","","","93023","93023","93023","13.786","","0","","","","","0.000","1","3","","0","0","0","0.000","0","0","0","0","0","0","","","","","","0.043","Wed, 26 Aug 2026 08:52:04 GMT","","","","","1.1","","","","","","https://gympluscoffee.com/cdn/shop/files/ECOM-KNIT-HALF-ZIP-GRAPE-NOIR-6.jpg?v=1786121898&width=600","2026-09-14 19:08:04"
"https://gympluscoffee.com/collections/mens-fleeces","text/html; charset=UTF-8","429","Too Many Requests","Non-Indexable","Client Error","","0","0","","0","0","","0","","0","","0","","0","","","","","","","","","","0","0","0","0.000","","0","","","","","0.000","1","1","","36","35","0","100.000","0","0","0","0","0","0","","","","","","0.044","","","","","","1.1","","","","","","https://gympluscoffee.com/collections/mens-fleeces","2026-09-14 19:08:04"
"https://gympluscoffee.com/cdn/shop/files/ECOM-GAME-CHANGER-PANTS-STONE-GREY-2.jpg?v=1779786069&width=48","image/jpeg","200","OK","Indexable","","","0","0","","0","0","","0","","0","","0","","0","","","","","","","","","","1949","1949","1949","0.289","","0","","","","","0.000","1","3","","0","0","0","0.000","0","0","0","0","0","0","","","","","","0.047","Wed, 02 Sep 2026 08:24:22 GMT","","","","","1.1","","","","","","https://gympluscoffee.com/cdn/shop/files/ECOM-GAME-CHANGER-PANTS-STONE-GREY-2.jpg?v=1779786069&width=48","2026-09-14 19:08:04"
"https://gympluscoffee.com/collections/mens-best-selling","text/html; charset=UTF-8","429","Too Many Requests","Non-Indexable","Client Error","","0","0","","0","0","","0","","0","","0","","0","","","","","","","","","","0","0","0","0.000","","0","","","","","0.000","1","1","","36","35","0","100.000","0","0","0","0","0","0","","","","","","0.035","","","","","","1.1","","","","","","https://gympluscoffee.com/collections/mens-best-selling","2026-09-14 19:08:04"
"https://gympluscoffee.com/cdn/shop/files/ECOM-MENS-RELENTLESS-7_-SHORTS-PETROL-BLUE-7.jpg?v=1786114229&width=48","image/jpeg","200","OK","Indexable","","","0","0","","0","0","","0","","0","","0","","0","","","","","","","","","","1938","1938","1938","0.287","","0","","","","","0.000","1","3","","0","0","0","0.000","0","0","0","0","0","0","","","","","","0.044","Mon, 14 Sep 2026 06:20:37 GMT","","","","","1.1","","","","","","https://gympluscoffee.com/cdn/shop/files/ECOM-MENS-RELENTLESS-7_-SHORTS-PETROL-BLUE-7.jpg?v=1786114229&width=48","2026-09-14 19:08:04"
"https://gympluscoffee.com/collections/industry-fleece-collection","text/html; charset=UTF-8","429","Too Many Requests","Non-Indexable","Client Error","","0","0","","0","0","","0","","0","","0","","0","","","","","","","","","","0","0","0","0.000","","0","","","","","0.000","1","1","","35","35","0","100.000","0","0","0","0","0","0","","","","","","0.048","","","","","","1.1","","","","","","https://gympluscoffee.com/collections/industry-fleece-collection","2026-09-14 19:08:04"
"https://gympluscoffee.com/cdn/shop/files/ECOM-GPC-QUARTER-SOCKS-SPRINT-GREEN-1.jpg?v=1773269784&width=48","image/jpeg","200","OK","Indexable","","","0","0","","0","0","","0","","0","","0","","0","","","","","","","","","","1962","1962","1962","0.291","","0","","","","","0.000","1","3","","0","0","0","0.000","0","0","0","0","0","0","","","","","","0.043","Fri, 07 Aug 2026 06:44:11 GMT","","","","","1.1","","","","","","https://gympluscoffee.com/cdn/shop/files/ECOM-GPC-QUARTER-SOCKS-SPRINT-GREEN-1.jpg?v=1773269784&width=48","2026-09-14 19:08:04"
"https://gympluscoffee.com/cdn/shop/collections/WOMENS-SHORTS-COLLECTION-BANNER_0204a0cc-6469-40c8-8097-b662981c5d56.jpg?v=1784018144&width=48","image/jpeg","200","OK","Indexable","","","0","0","","0","0","","0","","0","","0","","0","","","","","","","","","","1299","1299","1299","0.193","","0","","","","","0.000","1","3","","0","0","0","0.000","0","0","0","0","0","0","","","","","","0.043","Wed, 02 Sep 2026 09:17:17 GMT","","","","","1.1","","","","","","https://gympluscoffee.com/cdn/shop/collections/WOMENS-SHORTS-COLLECTION-BANNER_0204a0cc-6469-40c8-8097-b662981c5d56.jpg?v=1784018144&width=48","2026-09-14 19:08:04"
"https://gympluscoffee.com/cdn/shop/files/UGC_Industry_Fleece_Half_Zip_Ballet_Pink_4.jpg?v=1789394209&width=600","image/jpeg","200","OK","Indexable","","","0","0","","0","0","","0","","0","","0","","0","","","","","","","","","","87357","87357","87357","12.946","","0","","","","","0.000","1","3","","0","0","0","0.000","0","0","0","0","0","0","","","","","","0.044","Mon, 14 Sep 2026 14:31:42 GMT","","","","","1.1","","","","","","https://gympluscoffee.com/cdn/shop/files/UGC_Industry_Fleece_Half_Zip_Ballet_Pink_4.jpg?v=1789394209&width=600","2026-09-14 19:08:05"
"https://gympluscoffee.com/collections/womens-shorts","text/html; charset=UTF-8","429","Too Many Requests","Non-Indexable","Client Error","","0","0","","0","0","","0","","0","","0","","0","","","","","","","","","","0","0","0","0.000","","0","","","","","0.000","1","1","","36","35","0","100.000","0","0","0","0","0","0","","","","","","0.030","","","","","","1.1","","","","","","https://gympluscoffee.com/collections/womens-shorts","2026-09-14 19:08:05"
"https://gympluscoffee.com/cdn/shop/t/26/assets/predictive-search.js?v=124658539967428781621783175463","text/javascript","200","OK","Non-Indexable","Canonicalised","","0","0","","0","0","","0","","0","","0","","0","","","","","","","","","","0","0","0","0.000","","0","","","","","0.000","1","5","","0","0","0","0.000","0","0","0","0","0","0","","","","","","0.047","Sun, 30 Aug 2026 07:37:24 GMT","","","","","1.1","","","","","","https://gympluscoffee.com/cdn/shop/t/26/assets/predictive-search.js?v=124658539967428781621783175463","2026-09-14 19:08:05"
"https://gympluscoffee.com/pages/clothing-size-guide","text/html; charset=UTF-8","429","Too Many Requests","Non-Indexable","Client Error","","0","0","","0","0","","0","","0","","0","","0","","","","","","","","","","0","0","0","0.000","","0","","","","","0.000","1","1","","70","35","0","100.000","0","0","0","0","0","0","","","","","","0.034","","","","","","1.1","","","","","","https://gympluscoffee.com/pages/clothing-size-guide","2026-09-14 19:08:05"
"https://gympluscoffee.com/products/knit-collared-sweatshirt-in-mocha-bean-aw26","text/html; charset=UTF-8","429","Too Many Requests","Non-Indexable","Client Error","","0","0","","0","0","","0","","0","","0","","0","","","","","","","","","","0","0","0","0.000","","0","","","","","0.000","1","1","","8","4","0","11.430","0","0","0","0","0","0","","","","","","0.048","","","","","","1.1","","","","","","https://gympluscoffee.com/products/knit-collared-sweatshirt-in-mocha-bean-aw26","2026-09-14 19:08:05"
"https://gympluscoffee.com/cdn/shop/files/ECOM-SNAP-POLAR-FLEECE-GLACIAL-BLUE-10.jpg?v=1787840345&width=600","image/jpeg","200","OK","Indexable","","","0","0","","0","0","","0","","0","","0","","0","","","","","","","","","","44278","44278","44278","6.562","","0","","","","","0.000","1","3","","0","0","0","0.000","0","0","0","0","0","0","","","","","","0.058","Sun, 30 Aug 2026 09:58:18 GMT","","","","","1.1","","","","","","https://gympluscoffee.com/cdn/shop/files/ECOM-SNAP-POLAR-FLEECE-GLACIAL-BLUE-10.jpg?v=1787840345&width=600","2026-09-14 19:08:05"
"https://gympluscoffee.com/collections/best-sellers","text/html; charset=UTF-8","429","Too Many Requests","Non-Indexable","Client Error","","0","0","","0","0","","0","","0","","0","","0","","","","","","","","","","0","0","0","0.000","","0","","","","","0.000","1","1","","2","1","0","2.860","0","0","0","0","0","0","","","","","","0.039","","","","","","1.1","","","","","","https://gympluscoffee.com/collections/best-sellers","2026-09-14 19:08:05"
"https://gympluscoffee.com/cdn/shopifycloud/perf-kit/shopify-perf-kit-3.8.10.min.js","text/javascript","200","OK","Non-Indexable","Canonicalised","","0","0","","0","0","","0","","0","","0","","0","","","","","","","","","","0","0","0","0.000","","0","","","","","0.000","1","3","","0","0","0","0.000","0","0","0","0","0","0","","","","","","0.046","Tue, 08 Sep 2026 13:04:56 GMT","","","","","1.1","","","","","","https://gympluscoffee.com/cdn/shopifycloud/perf-kit/shopify-perf-kit-3.8.10.min.js","2026-09-14 19:08:05"
"https://gympluscoffee.com/collections/womens","text/html; charset=UTF-8","429","Too Many Requests","Non-Indexable","Client Error","","0","0","","0","0","","0","","0","","0","","0","","","","","","","","","","0","0","0","0.000","","0","","","","","0.000","1","1","","70","35","0","100.000","0","0","0","0","0","0","","","","","","0.052","","","","","","1.1","","","","","","https://gympluscoffee.com/collections/womens","2026-09-14 19:08:05"
"https://gympluscoffee.com/cdn/shopifycloud/storefront/assets/shopify_pay/storefront-bf1cdb70.js?v=20250812","text/javascript","200","OK","Non-Indexable","Canonicalised","","0","0","","0","0","","0","","0","","0","","0","","","","","","","","","","0","0","0","0.000","","0","","","","","0.000","1","5","","0","0","0","0.000","0","0","0","0","0","0","","","","","","0.056","Fri, 28 Aug 2026 04:45:55 GMT","","","","","1.1","","","","","","https://gympluscoffee.com/cdn/shopifycloud/storefront/assets/shopify_pay/storefront-bf1cdb70.js?v=20250812","2026-09-14 19:08:05"
"https://gympluscoffee.com/cdn/shop/files/ECOM-SNAP-POLAR-FLEECE-PALE-VANILLA-10.jpg?v=1787838903&width=600","image/jpeg","200","OK","Indexable","","","0","0","","0","0","","0","","0","","0","","0","","","","","","","","","","44417","44417","44417","6.583","","0","","","","","0.000","1","3","","0","0","0","0.000","0","0","0","0","0","0","","","","","","0.057","Sun, 30 Aug 2026 10:19:10 GMT","","","","","1.1","","","","","","https://gympluscoffee.com/cdn/shop/files/ECOM-SNAP-POLAR-FLEECE-PALE-VANILLA-10.jpg?v=1787838903&width=600","2026-09-14 19:08:05"
"https://gympluscoffee.com/cdn/shopifycloud/portable-wallets/latest/accelerated-checkout-backwards-compat.css","text/css","200","OK","Non-Indexable","Canonicalised","","0","0","","0","0","","0","","0","","0","","0","","","","","","","","","","0","0","0","0.000","","0","","","","","0.000","1","4","","0","0","0","0.000","0","0","0","0","0","0","","","","","","0.051","Mon, 14 Sep 2026 18:06:09 GMT","","","","","1.1","","","","","","https://gympluscoffee.com/cdn/shopifycloud/portable-wallets/latest/accelerated-checkout-backwards-compat.css","2026-09-14 19:08:05"
"https://gympluscoffee.com/cdn/shop/files/ECOM-SNAP-COLLAR-SWEATSHIRT-MOCHA-BEAN-2.jpg?v=1788360745&width=600","image/jpeg","200","OK","Indexable","","","0","0","","0","0","","0","","0","","0","","0","","","","","","","","","","44795","44795","44795","6.639","","0","","","","","0.000","1","3","","0","0","0","0.000","0","0","0","0","0","0","","","","","","0.038","Wed, 02 Sep 2026 15:26:22 GMT","","","","","1.1","","","","","","https://gympluscoffee.com/cdn/shop/files/ECOM-SNAP-COLLAR-SWEATSHIRT-MOCHA-BEAN-2.jpg?v=1788360745&width=600","2026-09-14 19:08:05"
"https://gympluscoffee.com/policies/privacy-policy","text/html; charset=UTF-8","429","Too Many Requests","Non-Indexable","Client Error","","0","0","","0","0","","0","","0","","0","","0","","","","","","","","","","0","0","0","0.000","","0","","","","","0.000","1","1","","70","35","0","100.000","0","0","0","0","0","0","","","","","","0.043","","","","","","1.1","","","","","","https://gympluscoffee.com/policies/privacy-policy","2026-09-14 19:08:05"
"https://gympluscoffee.com/cdn/shop/collections/WOMENS-FLEECES-COLLECTION-BANNER_f3e0f828-2762-41b5-b0e1-e4daa686b383.jpg?v=1784018155&width=48","image/jpeg","200","OK","Indexable","","","0","0","","0","0","","0","","0","","0","","0","","","","","","","","","","1288","1288","1288","0.191","","0","","","","","0.000","1","3","","0","0","0","0.000","0","0","0","0","0","0","","","","","","0.040","Wed, 02 Sep 2026 09:17:17 GMT","","","","","1.1","","","","","","https://gympluscoffee.com/cdn/shop/collections/WOMENS-FLEECES-COLLECTION-BANNER_f3e0f828-2762-41b5-b0e1-e4daa686b383.jpg?v=1784018155&width=48","2026-09-14 19:08:05"
"https://gympluscoffee.com/cdn/shop/files/ECOM-GPC-QUARTER-SOCKS-POWER-RED-1.jpg?v=1773269827&width=48","image/jpeg","200","OK","Indexable","","","0","0","","0","0","","0","","0","","0","","0","","","","","","","","","","2186","2186","2186","0.324","","0","","","","","0.000","1","3","","0","0","0","0.000","0","0","0","0","0","0","","","","","","0.066","Sat, 08 Aug 2026 07:11:54 GMT","","","","","1.1","","","","","","https://gympluscoffee.com/cdn/shop/files/ECOM-GPC-QUARTER-SOCKS-POWER-RED-1.jpg?v=1773269827&width=48","2026-09-14 19:08:05"
"https://gympluscoffee.com/cdn/shop/files/ECOM-IN-MOTION-JOGGERS-CHARCOAL-1.jpg?v=1788624857&width=600","image/jpeg","200","OK","Indexable","","","0","0","","0","0","","0","","0","","0","","0","","","","","","","","","","37855","37855","37855","5.610","","0","","","","","0.000","1","3","","0","0","0","0.000","0","0","0","0","0","0","","","","","","0.405","Mon, 14 Sep 2026 18:08:05 GMT","","","","","1.1","","","","","","https://gympluscoffee.com/cdn/shop/files/ECOM-IN-MOTION-JOGGERS-CHARCOAL-1.jpg?v=1788624857&width=600","2026-09-14 19:08:04"
"https://gympluscoffee.com/cdn/shop/files/ECOM-SIERRA-DRIFT-HOODIE-TWILIGHT-NAVY-1.jpg?v=1786121027&width=600","image/jpeg","200","OK","Indexable","","","0","0","","0","0","","0","","0","","0","","0","","","","","","","","","","45386","45386","45386","6.726","","0","","","","","0.000","1","3","","0","0","0","0.000","0","0","0","0","0","0","","","","","","0.057","Fri, 11 Sep 2026 12:35:25 GMT","","","","","1.1","","","","","","https://gympluscoffee.com/cdn/shop/files/ECOM-SIERRA-DRIFT-HOODIE-TWILIGHT-NAVY-1.jpg?v=1786121027&width=600","2026-09-14 19:08:05"
"https://gympluscoffee.com/products/quarter-length-everyday-sock-in-power-red","text/html; charset=UTF-8","429","Too Many Requests","Non-Indexable","Client Error","","0","0","","0","0","","0","","0","","0","","0","","","","","","","","","","0","0","0","0.000","","0","","","","","0.000","1","1","","73","35","0","100.000","0","0","0","0","0","0","","","","","","0.034","","","","","","1.1","","","","","","https://gympluscoffee.com/products/quarter-length-everyday-sock-in-power-red","2026-09-14 19:08:05"
"https://gympluscoffee.com/collections/womens-best-selling","text/html; charset=UTF-8","429","Too Many Requests","Non-Indexable","Client Error","","0","0","","0","0","","0","","0","","0","","0","","","","","","","","","","0","0","0","0.000","","0","","","","","0.000","1","1","","36","35","0","100.000","0","0","0","0","0","0","","","","","","0.036","","","","","","1.1","","","","","","https://gympluscoffee.com/collections/womens-best-selling","2026-09-14 19:08:05"
"https://gympluscoffee.com/cdn/shop/files/ECOM-SNAP-COLLAR-SWEATSHIRT-MOCHA-BEAN-2.jpg?v=1788360745&width=48","image/jpeg","200","OK","Indexable","","","0","0","","0","0","","0","","0","","0","","0","","","","","","","","","","1992","1992","1992","0.295","","0","","","","","0.000","1","3","","0","0","0","0.000","0","0","0","0","0","0","","","","","","0.045","Wed, 02 Sep 2026 15:45:37 GMT","","","","","1.1","","","","","","https://gympluscoffee.com/cdn/shop/files/ECOM-SNAP-COLLAR-SWEATSHIRT-MOCHA-BEAN-2.jpg?v=1788360745&width=48","2026-09-14 19:08:05"
"https://gympluscoffee.com/cdn/shop/files/CAMPAIGN-ECOM-INDUSTRY-CHECK-PRINT-2.jpg?v=1788690873&width=48","image/jpeg","200","OK","Indexable","","","0","0","","0","0","","0","","0","","0","","0","","","","","","","","","","2617","2617","2617","0.388","","0","","","","","0.000","1","3","","0","0","0","0.000","0","0","0","0","0","0","","","","","","0.044","Tue, 08 Sep 2026 08:20:31 GMT","","","","","1.1","","","","","","https://gympluscoffee.com/cdn/shop/files/CAMPAIGN-ECOM-INDUSTRY-CHECK-PRINT-2.jpg?v=1788690873&width=48","2026-09-14 19:08:05"
"https://gympluscoffee.com/cdn/shop/files/ECOM-DAILY-RELAXED-FIT-HOODIE-GLACIAL-BLUE-10.jpg?v=1788357870&width=600","image/jpeg","200","OK","Indexable","","","0","0","","0","0","","0","","0","","0","","0","","","","","","","","","","93963","93963","93963","13.925","","0","","","","","0.000","1","3","","0","0","0","0.000","0","0","0","0","0","0","","","","","","0.045","Thu, 03 Sep 2026 19:07:39 GMT","","","","","1.1","","","","","","https://gympluscoffee.com/cdn/shop/files/ECOM-DAILY-RELAXED-FIT-HOODIE-GLACIAL-BLUE-10.jpg?v=1788357870&width=600","2026-09-14 19:08:05"
"https://gympluscoffee.com/cdn/shop/collections/PERFROMANCE-COLLECTION-BANENR_417ab1ce-262d-4154-98f8-6707fa61eccd.jpg?v=1784017485&width=48","image/jpeg","200","OK","Indexable","","","0","0","","0","0","","0","","0","","0","","0","","","","","","","","","","1670","1670","1670","0.247","","0","","","","","0.000","1","3","","0","0","0","0.000","0","0","0","0","0","0","","","","","","0.041","Thu, 13 Aug 2026 20:12:06 GMT","","","","","1.1","","","","","","https://gympluscoffee.com/cdn/shop/collections/PERFROMANCE-COLLECTION-BANENR_417ab1ce-262d-4154-98f8-6707fa61eccd.jpg?v=1784017485&width=48","2026-09-14 19:08:05"
"https://gympluscoffee.com/cdn/shop/files/ECOM-350ML-HYDRATE-BOTTLE-BABY-BLUE-3.jpg?v=1774448633&width=48","image/jpeg","200","OK","Indexable","","","0","0","","0","0","","0","","0","","0","","0","","","","","","","","","","1446","1446","1446","0.214","","0","","","","","0.000","1","3","","0","0","0","0.000","0","0","0","0","0","0","","","","","","0.042","Tue, 04 Aug 2026 09:28:29 GMT","","","","","1.1","","","","","","https://gympluscoffee.com/cdn/shop/files/ECOM-350ML-HYDRATE-BOTTLE-BABY-BLUE-3.jpg?v=1774448633&width=48","2026-09-14 19:08:05"
"https://gympluscoffee.com/cdn/shop/files/ECOM-UGC-ORLA-SNAP-COLLAR-MOCHA-3.png?v=1775810660&width=600","image/png","200","OK","Indexable","","","0","0","","0","0","","0","","0","","0","","0","","","","","","","","","","876887","876887","876887","129.955","","0","","","","","0.000","1","3","","0","0","0","0.000","0","0","0","0","0","0","","","","","","0.053","Tue, 25 Aug 2026 06:19:39 GMT","","","","","1.1","","","","","","https://gympluscoffee.com/cdn/shop/files/ECOM-UGC-ORLA-SNAP-COLLAR-MOCHA-3.png?v=1775810660&width=600","2026-09-14 19:08:05"
"https://gympluscoffee.com/cdn/shop/files/CAMPAIGN-ECOM-HOODED-NATURAL-4-2.jpg?v=1788692691&width=600","image/jpeg","200","OK","Indexable","","","0","0","","0","0","","0","","0","","0","","0","","","","","","","","","","136849","136849","136849","20.281","","0","","","","","0.000","1","3","","0","0","0","0.000","0","0","0","0","0","0","","","","","","0.047","Tue, 08 Sep 2026 09:34:39 GMT","","","","","1.1","","","","","","https://gympluscoffee.com/cdn/shop/files/CAMPAIGN-ECOM-HOODED-NATURAL-4-2.jpg?v=1788692691&width=600","2026-09-14 19:08:05"
"https://gympluscoffee.com/cdn/shop/files/ECOM-MENS-RELENTLESS-MIDLAYER-PETROL-BLUE-2.jpg?v=1786109829&width=48","image/jpeg","200","OK","Indexable","","","0","0","","0","0","","0","","0","","0","","0","","","","","","","","","","2126","2126","2126","0.315","","0","","","","","0.000","1","3","","0","0","0","0.000","0","0","0","0","0","0","","","","","","0.053","Sun, 16 Aug 2026 22:06:24 GMT","","","","","1.1","","","","","","https://gympluscoffee.com/cdn/shop/files/ECOM-MENS-RELENTLESS-MIDLAYER-PETROL-BLUE-2.jpg?v=1786109829&width=48","2026-09-14 19:08:05"
"https://gympluscoffee.com/cdn/shop/files/ECOM-INDUSTRY-HIGH-COLLAR-MOCHA-BEAN-9.jpg?v=1788470322&width=600","image/jpeg","200","OK","Indexable","","","0","0","","0","0","","0","","0","","0","","0","","","","","","","","","","55377","55377","55377","8.207","","0","","","","","0.000","1","3","","0","0","0","0.000","0","0","0","0","0","0","","","","","","0.060","Tue, 08 Sep 2026 09:34:39 GMT","","","","","1.1","","","","","","https://gympluscoffee.com/cdn/shop/files/ECOM-INDUSTRY-HIGH-COLLAR-MOCHA-BEAN-9.jpg?v=1788470322&width=600","2026-09-14 19:08:05"
"https://gympluscoffee.com/products/snap-collar-sierra-sweatshirt-in-power-red-ss26","text/html; charset=UTF-8","429","Too Many Requests","Non-Indexable","Client Error","","0","0","","0","0","","0","","0","","0","","0","","","","","","","","","","0","0","0","0.000","","0","","","","","0.000","1","1","","4","2","0","5.710","0","0","0","0","0","0","","","","","","0.042","","","","","","1.1","","","","","","https://gympluscoffee.com/products/snap-collar-sierra-sweatshirt-in-power-red-ss26","2026-09-14 19:08:05"
"https://gympluscoffee.com/products/industry-fleece-high-collar-jacket-in-natural-aw26","text/html; charset=UTF-8","429","Too Many Requests","Non-Indexable","Client Error","","0","0","","0","0","","0","","0","","0","","0","","","","","","","","","","0","0","0","0.000","","0","","","","","0.000","1","1","","9","5","0","14.290","0","0","0","0","0","0","","","","","","0.032","","","","","","1.1","","","","","","https://gympluscoffee.com/products/industry-fleece-high-collar-jacket-in-natural-aw26","2026-09-14 19:08:05"
"https://gympluscoffee.com/checkouts/internal/preloads.js?locale=en-IE&default_configuration_id=6080495989","","0","Blocked by robots.txt","Non-Indexable","Blocked by robots.txt","","0","0","","0","0","","0","","0","","0","","0","","","","","","","","","","0","0","0","0.000","","0","","","","","0.000","1","2","","0","0","0","0.000","0","0","0","0","0","0","","","","","","","","","","","","None","","","","","","https://gympluscoffee.com/checkouts/internal/preloads.js?locale=en-IE&default_configuration_id=6080495989","2026-09-14 19:08:05"
"https://gympluscoffee.com/cdn/shop/files/ECOM-MENS-RELENTLESS-HOODIE-PETROL-BLUE-1.jpg?v=1786114343&width=600","image/jpeg","200","OK","Indexable","","","0","0","","0","0","","0","","0","","0","","0","","","","","","","","","","86720","86720","86720","12.852","","0","","","","","0.000","1","3","","0","0","0","0.000","0","0","0","0","0","0","","","","","","0.047","Mon, 31 Aug 2026 20:13:38 GMT","","","","","1.1","","","","","","https://gympluscoffee.com/cdn/shop/files/ECOM-MENS-RELENTLESS-HOODIE-PETROL-BLUE-1.jpg?v=1786114343&width=600","2026-09-14 19:08:05"
"https://gympluscoffee.com/cdn/shop/files/Dropdown_Homepage_Banner-Polars.jpg?v=1787917537&width=1020","image/jpeg","200","OK","Indexable","","","0","0","","0","0","","0","","0","","0","","0","","","","","","","","","","175281","175281","175281","25.977","","0","","","","","0.000","1","3","","0","0","0","0.000","0","0","0","0","0","0","","","","","","0.037","Fri, 28 Aug 2026 12:23:01 GMT","","","","","1.1","","","","","","https://gympluscoffee.com/cdn/shop/files/Dropdown_Homepage_Banner-Polars.jpg?v=1787917537&width=1020","2026-09-14 19:08:05"
"https://gympluscoffee.com/cdn/shop/files/ECOM-SIERRA-DRIFT-HOODIE-TWILIGHT-NAVY-4.jpg?v=1786121028&width=48","image/jpeg","200","OK","Indexable","","","0","0","","0","0","","0","","0","","0","","0","","","","","","","","","","2263","2263","2263","0.335","","0","","","","","0.000","1","3","","0","0","0","0.000","0","0","0","0","0","0","","","","","","0.037","Tue, 08 Sep 2026 16:03:59 GMT","","","","","1.1","","","","","","https://gympluscoffee.com/cdn/shop/files/ECOM-SIERRA-DRIFT-HOODIE-TWILIGHT-NAVY-4.jpg?v=1786121028&width=48","2026-09-14 19:08:05"
"https://gympluscoffee.com/cdn/shop/files/ECOM-GPC-QUARTER-SOCKS-POWER-RED-1.jpg?v=1773269827&width=600","image/jpeg","200","OK","Indexable","","","0","0","","0","0","","0","","0","","0","","0","","","","","","","","","","42407","42407","42407","6.285","","0","","","","","0.000","1","3","","0","0","0","0.000","0","0","0","0","0","0","","","","","","0.042","Tue, 18 Aug 2026 12:31:23 GMT","","","","","1.1","","","","","","https://gympluscoffee.com/cdn/shop/files/ECOM-GPC-QUARTER-SOCKS-POWER-RED-1.jpg?v=1773269827&width=600","2026-09-14 19:08:05"
"https://gympluscoffee.com/cdn/shop/files/ECOM-INDUSTRY-HALF-ZIP-MOSS-GREEN-2.jpg?v=1788471226&width=48","image/jpeg","200","OK","Indexable","","","0","0","","0","0","","0","","0","","0","","0","","","","","","","","","","2398","2398","2398","0.355","","0","","","","","0.000","1","3","","0","0","0","0.000","0","0","0","0","0","0","","","","","","0.042","Wed, 09 Sep 2026 19:22:27 GMT","","","","","1.1","","","","","","https://gympluscoffee.com/cdn/shop/files/ECOM-INDUSTRY-HALF-ZIP-MOSS-GREEN-2.jpg?v=1788471226&width=48","2026-09-14 19:08:05"
"https://gympluscoffee.com/cdn/shop/collections/WOMENS-SWEATSHIRTS-BANNER_9ae9e479-a4a1-433f-9317-5243774b3da4.jpg?v=1784018095&width=600","image/jpeg","200","OK","Indexable","","","0","0","","0","0","","0","","0","","0","","0","","","","","","","","","","38981","38981","38981","5.777","","0","","","","","0.000","1","3","","0","0","0","0.000","0","0","0","0","0","0","","","","","","0.191","Mon, 14 Sep 2026 18:08:05 GMT","","","","","1.1","","","","","","https://gympluscoffee.com/cdn/shop/collections/WOMENS-SWEATSHIRTS-BANNER_9ae9e479-a4a1-433f-9317-5243774b3da4.jpg?v=1784018095&width=600","2026-09-14 19:08:05"
"https://gympluscoffee.com/cdn/shop/files/Mens-collection-hp-banner-mobile-format-2.jpg?v=1787219890&width=48","image/jpeg","200","OK","Indexable","","","0","0","","0","0","","0","","0","","0","","0","","","","","","","","","","2648","2648","2648","0.392","","0","","","","","0.000","1","3","","0","0","0","0.000","0","0","0","0","0","0","","","","","","0.040","Thu, 03 Sep 2026 08:30:56 GMT","","","","","1.1","","","","","","https://gympluscoffee.com/cdn/shop/files/Mens-collection-hp-banner-mobile-format-2.jpg?v=1787219890&width=48","2026-09-14 19:08:05"
"https://gympluscoffee.com/cdn/shop/files/CAMPAIGN-ECOM-HORIZON-WARM-WHITE-3-2.jpg?v=1788695562&width=48","image/jpeg","200","OK","Indexable","","","0","0","","0","0","","0","","0","","0","","0","","","","","","","","","","2758","2758","2758","0.409","","0","","","","","0.000","1","3","","0","0","0","0.000","0","0","0","0","0","0","","","","","","0.051","Tue, 08 Sep 2026 11:17:33 GMT","","","","","1.1","","","","","","https://gympluscoffee.com/cdn/shop/files/CAMPAIGN-ECOM-HORIZON-WARM-WHITE-3-2.jpg?v=1788695562&width=48","2026-09-14 19:08:05"
"https://gympluscoffee.com/cdn/shop/t/26/assets/logo-brandmark-horizontal-dark-espresso.svg?v=102602150210242357311783175461","image/svg+xml","200","OK","Indexable","","","0","0","","0","0","","0","","0","","0","","0","","","","","","","","","","0","0","0","0.000","","0","","","","","0.000","1","5","","0","0","0","0.000","0","0","0","0","0","0","","","","","","0.039","Wed, 05 Aug 2026 09:28:51 GMT","","","","","1.1","","","","","","https://gympluscoffee.com/cdn/shop/t/26/assets/logo-brandmark-horizontal-dark-espresso.svg?v=102602150210242357311783175461","2026-09-14 19:08:05"
"https://gympluscoffee.com/cdn/shop/files/ECOM-MENS-RELENTLESS-MIDLAYER-PETROL-BLUE-4.jpg?v=1786109829&width=48","image/jpeg","200","OK","Indexable","","","0","0","","0","0","","0","","0","","0","","0","","","","","","","","","","1867","1867","1867","0.277","","0","","","","","0.000","1","3","","0","0","0","0.000","0","0","0","0","0","0","","","","","","0.038","Wed, 09 Sep 2026 19:22:28 GMT","","","","","1.1","","","","","","https://gympluscoffee.com/cdn/shop/files/ECOM-MENS-RELENTLESS-MIDLAYER-PETROL-BLUE-4.jpg?v=1786109829&width=48","2026-09-14 19:08:05"
"https://gympluscoffee.com/cdn/shop/files/ECOM-INDUSTRY-FULL-ZIP-FLEECE-CHECK-PRINT-9.jpg?v=1788470061&width=48","image/jpeg","200","OK","Indexable","","","0","0","","0","0","","0","","0","","0","","0","","","","","","","","","","2367","2367","2367","0.351","","0","","","","","0.000","1","3","","0","0","0","0.000","0","0","0","0","0","0","","","","","","0.044","Tue, 08 Sep 2026 08:20:31 GMT","","","","","1.1","","","","","","https://gympluscoffee.com/cdn/shop/files/ECOM-INDUSTRY-FULL-ZIP-FLEECE-CHECK-PRINT-9.jpg?v=1788470061&width=48","2026-09-14 19:08:05"
"https://gympluscoffee.com/products/industry-fleece-half-zip-in-ballet-pink-aw26","text/html; charset=UTF-8","429","Too Many Requests","Non-Indexable","Client Error","","0","0","","0","0","","0","","0","","0","","0","","","","","","","","","","0","0","0","0.000","","0","","","","","0.000","1","1","","10","4","0","11.430","0","0","0","0","0","0","","","","","","0.062","","","","","","1.1","","","","","","https://gympluscoffee.com/products/industry-fleece-half-zip-in-ballet-pink-aw26","2026-09-14 19:08:05"
"https://gympluscoffee.com/cdn/shop/files/CAMPAIGN-ECOM-POLAR-FLEECE-PALE-VANILLA-6.jpg?v=1787838984&width=600","image/jpeg","200","OK","Indexable","","","0","0","","0","0","","0","","0","","0","","0","","","","","","","","","","111926","111926","111926","16.587","","0","","","","","0.000","1","3","","0","0","0","0.000","0","0","0","0","0","0","","","","","","0.042","Sun, 30 Aug 2026 10:19:10 GMT","","","","","1.1","","","","","","https://gympluscoffee.com/cdn/shop/files/CAMPAIGN-ECOM-POLAR-FLEECE-PALE-VANILLA-6.jpg?v=1787838984&width=600","2026-09-14 19:08:05"
"https://gympluscoffee.com/products/snap-collar-sierra-sweatshirt-in-pebble-ss26","text/html; charset=UTF-8","429","Too Many Requests","Non-Indexable","Client Error","","0","0","","0","0","","0","","0","","0","","0","","","","","","","","","","0","0","0","0.000","","0","","","","","0.000","1","1","","6","3","0","8.570","0","0","0","0","0","0","","","","","","0.037","","","","","","1.1","","","","","","https://gympluscoffee.com/products/snap-collar-sierra-sweatshirt-in-pebble-ss26","2026-09-14 19:08:05"
"https://gympluscoffee.com/collections/mens-joggers","text/html; charset=UTF-8","429","Too Many Requests","Non-Indexable","Client Error","","0","0","","0","0","","0","","0","","0","","0","","","","","","","","","","0","0","0","0.000","","0","","","","","0.000","1","1","","35","35","0","100.000","0","0","0","0","0","0","","","","","","0.033","","","","","","1.1","","","","","","https://gympluscoffee.com/collections/mens-joggers","2026-09-14 19:08:05"
"https://gympluscoffee.com/cdn/shop/files/ECOM-MAUREEN-MOORES-MOCHA-BEAN-2.jpg?v=1786455423&width=600","image/jpeg","200","OK","Indexable","","","0","0","","0","0","","0","","0","","0","","0","","","","","","","","","","115738","115738","115738","17.152","","0","","","","","0.000","1","3","","0","0","0","0.000","0","0","0","0","0","0","","","","","","0.051","Thu, 13 Aug 2026 18:47:23 GMT","","","","","1.1","","","","","","https://gympluscoffee.com/cdn/shop/files/ECOM-MAUREEN-MOORES-MOCHA-BEAN-2.jpg?v=1786455423&width=600","2026-09-14 19:08:05"
"https://gympluscoffee.com/products/industry-fleece-full-zip-in-check-print-aw26","text/html; charset=UTF-8","429","Too Many Requests","Non-Indexable","Client Error","","0","0","","0","0","","0","","0","","0","","0","","","","","","","","","","0","0","0","0.000","","0","","","","","0.000","1","1","","10","4","0","11.430","0","0","0","0","0","0","","","","","","0.035","","","","","","1.1","","","","","","https://gympluscoffee.com/products/industry-fleece-full-zip-in-check-print-aw26","2026-09-14 19:08:05"
"https://gympluscoffee.com/products/snap-collar-sierra-sweatshirt-in-mocha-bean-aw25","text/html; charset=UTF-8","429","Too Many Requests","Non-Indexable","Client Error","","0","0","","0","0","","0","","0","","0","","0","","","","","","","","","","0","0","0","0.000","","0","","","","","0.000","1","1","","4","2","0","5.710","0","0","0","0","0","0","","","","","","0.036","","","","","","1.1","","","","","","https://gympluscoffee.com/products/snap-collar-sierra-sweatshirt-in-mocha-bean-aw25","2026-09-14 19:08:05"
"https://gympluscoffee.com/cdn/shop/files/ECOM-DAY-KIND-7_8-LEGGINGS-MOCHA-BEAN-2.jpg?v=1788519719&width=600","image/jpeg","200","OK","Indexable","","","0","0","","0","0","","0","","0","","0","","0","","","","","","","","","","33442","33442","33442","4.956","","0","","","","","0.000","1","3","","0","0","0","0.000","0","0","0","0","0","0","","","","","","0.043","Fri, 04 Sep 2026 11:36:06 GMT","","","","","1.1","","","","","","https://gympluscoffee.com/cdn/shop/files/ECOM-DAY-KIND-7_8-LEGGINGS-MOCHA-BEAN-2.jpg?v=1788519719&width=600","2026-09-14 19:08:06"
"https://gympluscoffee.com/cdn/shop/files/ECOM-INDUSTRY-HOODED-FLEECE-BALLET-PINK-13.jpg?v=1788470525&width=48","image/jpeg","200","OK","Indexable","","","0","0","","0","0","","0","","0","","0","","0","","","","","","","","","","2037","2037","2037","0.302","","0","","","","","0.000","1","3","","0","0","0","0.000","0","0","0","0","0","0","","","","","","0.042","Tue, 08 Sep 2026 09:10:52 GMT","","","","","1.1","","","","","","https://gympluscoffee.com/cdn/shop/files/ECOM-INDUSTRY-HOODED-FLEECE-BALLET-PINK-13.jpg?v=1788470525&width=48","2026-09-14 19:08:06"
"https://gympluscoffee.com/cdn/shop/files/ECOM-KNIT-HALF-ZIP-GRAPE-NOIR-6.jpg?v=1786121898&width=48","image/jpeg","200","OK","Indexable","","","0","0","","0","0","","0","","0","","0","","0","","","","","","","","","","2325","2325","2325","0.345","","0","","","","","0.000","1","3","","0","0","0","0.000","0","0","0","0","0","0","","","","","","0.043","Tue, 25 Aug 2026 12:53:24 GMT","","","","","1.1","","","","","","https://gympluscoffee.com/cdn/shop/files/ECOM-KNIT-HALF-ZIP-GRAPE-NOIR-6.jpg?v=1786121898&width=48","2026-09-14 19:08:06"
"https://gympluscoffee.com/cdn/shop/collections/mens-short-sleeve-gym-coffee_1f4e7e42-0d8d-4406-a4b6-2b2a266135fb.jpg?v=1784017262&width=600","image/jpeg","200","OK","Indexable","","","0","0","","0","0","","0","","0","","0","","0","","","","","","","","","","44106","44106","44106","6.537","","0","","","","","0.000","1","3","","0","0","0","0.000","0","0","0","0","0","0","","","","","","0.167","Mon, 14 Sep 2026 18:08:06 GMT","","","","","1.1","","","","","","https://gympluscoffee.com/cdn/shop/collections/mens-short-sleeve-gym-coffee_1f4e7e42-0d8d-4406-a4b6-2b2a266135fb.jpg?v=1784017262&width=600","2026-09-14 19:08:06"
"https://gympluscoffee.com/cdn/shop/files/ECOM-G_C-SHORT-SOCK-WHITE-2.png?v=1731581860&width=600","image/png","200","OK","Indexable","","","0","0","","0","0","","0","","0","","0","","0","","","","","","","","","","52465","52465","52465","7.775","","0","","","","","0.000","2","3","","0","0","0","0.000","0","0","0","0","0","0","","","","","","0.043","Sun, 13 Sep 2026 14:29:15 GMT","","","","","1.1","","","","","","https://gympluscoffee.com/cdn/shop/files/ECOM-G_C-SHORT-SOCK-WHITE-2.png?v=1731581860&width=600","2026-09-14 19:08:06"
"https://gympluscoffee.com/cdn/shop/files/ECOM-QUARTER-SOCKS-POWER-RED-1.jpg?v=1773671530&width=600","image/jpeg","200","OK","Indexable","","","0","0","","0","0","","0","","0","","0","","0","","","","","","","","","","14357","14357","14357","2.128","","0","","","","","0.000","2","3","","0","0","0","0.000","0","0","0","0","0","0","","","","","","0.041","Sun, 13 Sep 2026 14:29:15 GMT","","","","","1.1","","","","","","https://gympluscoffee.com/cdn/shop/files/ECOM-QUARTER-SOCKS-POWER-RED-1.jpg?v=1773671530&width=600","2026-09-14 19:08:06"
"https://gympluscoffee.com/cdn/shop/files/ECOM-QUARTER-SOCKS-SPRINT-GREEN-1.jpg?v=1773671474&width=600","image/jpeg","200","OK","Indexable","","","0","0","","0","0","","0","","0","","0","","0","","","","","","","","","","13954","13954","13954","2.068","","0","","","","","0.000","2","3","","0","0","0","0.000","0","0","0","0","0","0","","","","","","0.045","Sun, 13 Sep 2026 14:29:15 GMT","","","","","1.1","","","","","","https://gympluscoffee.com/cdn/shop/files/ECOM-QUARTER-SOCKS-SPRINT-GREEN-1.jpg?v=1773671474&width=600","2026-09-14 19:08:06"
"https://gympluscoffee.com/cdn/shop/files/ECOM-QUARTER-SOCKS-SPRINT-GREEN-1.jpg?v=1773671474&width=48","image/jpeg","200","OK","Indexable","","","0","0","","0","0","","0","","0","","0","","0","","","","","","","","","","1281","1281","1281","0.190","","0","","","","","0.000","2","3","","0","0","0","0.000","0","0","0","0","0","0","","","","","","0.043","Sun, 13 Sep 2026 10:25:28 GMT","","","","","1.1","","","","","","https://gympluscoffee.com/cdn/shop/files/ECOM-QUARTER-SOCKS-SPRINT-GREEN-1.jpg?v=1773671474&width=48","2026-09-14 19:08:06"
"https://gympluscoffee.com/cdn/shop/t/26/assets/component-collection.js?v=139099531337870611821785838415","text/javascript","200","OK","Non-Indexable","Canonicalised","","0","0","","0","0","","0","","0","","0","","0","","","","","","","","","","0","0","0","0.000","","0","","","","","0.000","2","5","","0","0","0","0.000","0","0","0","0","0","0","","","","","","0.049","Sat, 08 Aug 2026 06:42:22 GMT","","","","","1.1","","","","","","https://gympluscoffee.com/cdn/shop/t/26/assets/component-collection.js?v=139099531337870611821785838415","2026-09-14 19:08:06"
"https://gympluscoffee.com/cdn/shop/files/ECOM-QUARTER-SOCKS-POWER-RED-1.jpg?v=1773671530&width=48","image/jpeg","200","OK","Indexable","","","0","0","","0","0","","0","","0","","0","","0","","","","","","","","","","1287","1287","1287","0.191","","0","","","","","0.000","2","3","","0","0","0","0.000","0","0","0","0","0","0","","","","","","0.045","Sun, 13 Sep 2026 10:25:29 GMT","","","","","1.1","","","","","","https://gympluscoffee.com/cdn/shop/files/ECOM-QUARTER-SOCKS-POWER-RED-1.jpg?v=1773671530&width=48","2026-09-14 19:08:06"
"https://gympluscoffee.com/cdn/shop/files/G_C-LONG-SOCK-WHITE-2.png?v=1731581739&width=600","image/png","200","OK","Indexable","","","0","0","","0","0","","0","","0","","0","","0","","","","","","","","","","97247","97247","97247","14.412","","0","","","","","0.000","2","3","","0","0","0","0.000","0","0","0","0","0","0","","","","","","0.039","Tue, 08 Sep 2026 14:31:38 GMT","","","","","1.1","","","","","","https://gympluscoffee.com/cdn/shop/files/G_C-LONG-SOCK-WHITE-2.png?v=1731581739&width=600","2026-09-14 19:08:06"
"https://gympluscoffee.com/cdn/shop/files/ECOM-KNIT-HALF-ZIP-GRAPE-NOIR-6.jpg?v=1786121898&width=1200","image/jpeg","200","OK","Indexable","","","0","0","","0","0","","0","","0","","0","","0","","","","","","","","","","311714","311714","311714","46.196","","0","","","","","0.000","2","3","","0","0","0","0.000","0","0","0","0","0","0","","","","","","0.043","Mon, 07 Sep 2026 21:48:24 GMT","","","","","1.1","","","","","","https://gympluscoffee.com/cdn/shop/files/ECOM-KNIT-HALF-ZIP-GRAPE-NOIR-6.jpg?v=1786121898&width=1200","2026-09-14 19:08:06"
"https://gympluscoffee.com/cdn/shop/files/ECOM-UGC-POWER-RED-SNAP-3.jpg?v=1774279132&width=600","image/jpeg","200","OK","Indexable","","","0","0","","0","0","","0","","0","","0","","0","","","","","","","","","","107436","107436","107436","15.922","","0","","","","","0.000","1","3","","0","0","0","0.000","0","0","0","0","0","0","","","","","","0.518","Mon, 14 Sep 2026 18:08:06 GMT","","","","","1.1","","","","","","https://gympluscoffee.com/cdn/shop/files/ECOM-UGC-POWER-RED-SNAP-3.jpg?v=1774279132&width=600","2026-09-14 19:08:06"
"https://gympluscoffee.com/cdn/shop/files/ECOM-FLATLAY-KNIT-HALF-ZIP-FIG-3.jpg?v=1787652744&width=800","image/jpeg","200","OK","Indexable","","","0","0","","0","0","","0","","0","","0","","0","","","","","","","","","","181461","181461","181461","26.893","","0","","","","","0.000","2","3","","0","0","0","0.000","0","0","0","0","0","0","","","","","","0.054","Wed, 26 Aug 2026 17:20:05 GMT","","","","","1.1","","","","","","https://gympluscoffee.com/cdn/shop/files/ECOM-FLATLAY-KNIT-HALF-ZIP-FIG-3.jpg?v=1787652744&width=800","2026-09-14 19:08:06"
"https://gympluscoffee.com/cdn/shop/files/ECOM-FLATLAY-KNIT-HALF-ZIP-FIG-1.jpg?v=1787652744&width=1200","image/jpeg","200","OK","Indexable","","","0","0","","0","0","","0","","0","","0","","0","","","","","","","","","","107132","107132","107132","15.877","","0","","","","","0.000","2","3","","0","0","0","0.000","0","0","0","0","0","0","","","","","","0.065","Wed, 02 Sep 2026 11:18:20 GMT","","","","","1.1","","","","","","https://gympluscoffee.com/cdn/shop/files/ECOM-FLATLAY-KNIT-HALF-ZIP-FIG-1.jpg?v=1787652744&width=1200","2026-09-14 19:08:06"
"https://gympluscoffee.com/cdn/shop/files/ECOM-KNIT-HALF-ZIP-GRAPE-NOIR-6.jpg?v=1786121898&width=800","image/jpeg","200","OK","Indexable","","","0","0","","0","0","","0","","0","","0","","0","","","","","","","","","","152584","152584","152584","22.613","","0","","","","","0.000","2","3","","0","0","0","0.000","0","0","0","0","0","0","","","","","","0.038","Wed, 26 Aug 2026 17:20:05 GMT","","","","","1.1","","","","","","https://gympluscoffee.com/cdn/shop/files/ECOM-KNIT-HALF-ZIP-GRAPE-NOIR-6.jpg?v=1786121898&width=800","2026-09-14 19:08:06"
"https://gympluscoffee.com/cdn/shop/files/ECOM-KNIT-HALF-ZIP-GRAPE-NOIR-4.jpg?v=1786121898&width=800","image/jpeg","200","OK","Indexable","","","0","0","","0","0","","0","","0","","0","","0","","","","","","","","","","142060","142060","142060","21.053","","0","","","","","0.000","2","3","","0","0","0","0.000","0","0","0","0","0","0","","","","","","0.040","Wed, 26 Aug 2026 17:20:05 GMT","","","","","1.1","","","","","","https://gympluscoffee.com/cdn/shop/files/ECOM-KNIT-HALF-ZIP-GRAPE-NOIR-4.jpg?v=1786121898&width=800","2026-09-14 19:08:06"
"https://gympluscoffee.com/cdn/shop/files/ECOM-G_C-SHORT-SOCK-WHITE-2.png?v=1731581860&width=48","image/png","200","OK","Indexable","","","0","0","","0","0","","0","","0","","0","","0","","","","","","","","","","1666","1666","1666","0.247","","0","","","","","0.000","2","3","","0","0","0","0.000","0","0","0","0","0","0","","","","","","0.295","Mon, 14 Sep 2026 18:08:06 GMT","","","","","1.1","","","","","","https://gympluscoffee.com/cdn/shop/files/ECOM-G_C-SHORT-SOCK-WHITE-2.png?v=1731581860&width=48","2026-09-14 19:08:06"
"https://gympluscoffee.com/cdn/shop/files/G_C-LONG-SOCK-WHITE-2.png?v=1731581739&width=48","image/png","200","OK","Indexable","","","0","0","","0","0","","0","","0","","0","","0","","","","","","","","","","1855","1855","1855","0.275","","0","","","","","0.000","2","3","","0","0","0","0.000","0","0","0","0","0","0","","","","","","0.386","Mon, 14 Sep 2026 18:08:06 GMT","","","","","1.1","","","","","","https://gympluscoffee.com/cdn/shop/files/G_C-LONG-SOCK-WHITE-2.png?v=1731581739&width=48","2026-09-14 19:08:06"
"https://gympluscoffee.com/cdn/shop/files/ECOM-KNIT-HALF-ZIP-GRAPE-NOIR-3.jpg?v=1786121898&width=800","image/jpeg","200","OK","Indexable","","","0","0","","0","0","","0","","0","","0","","0","","","","","","","","","","177992","177992","177992","26.378","","0","","","","","0.000","2","3","","0","0","0","0.000","0","0","0","0","0","0","","","","","","0.039","Wed, 26 Aug 2026 17:20:05 GMT","","","","","1.1","","","","","","https://gympluscoffee.com/cdn/shop/files/ECOM-KNIT-HALF-ZIP-GRAPE-NOIR-3.jpg?v=1786121898&width=800","2026-09-14 19:08:06"
"https://gympluscoffee.com/cdn/shop/files/ECOM-FLATLAY-KNIT-HALF-ZIP-FIG-2.jpg?v=1787652744&width=800","image/jpeg","200","OK","Indexable","","","0","0","","0","0","","0","","0","","0","","0","","","","","","","","","","251579","251579","251579","37.284","","0","","","","","0.000","2","3","","0","0","0","0.000","0","0","0","0","0","0","","","","","","0.442","Mon, 14 Sep 2026 18:08:07 GMT","","","","","1.1","","","","","","https://gympluscoffee.com/cdn/shop/files/ECOM-FLATLAY-KNIT-HALF-ZIP-FIG-2.jpg?v=1787652744&width=800","2026-09-14 19:08:06"
"https://gympluscoffee.com/cdn/shop/files/ECOM-KNIT-HALF-ZIP-GRAPE-NOIR-4.jpg?v=1786121898&width=1200","image/jpeg","200","OK","Indexable","","","0","0","","0","0","","0","","0","","0","","0","","","","","","","","","","320551","320551","320551","47.506","","0","","","","","0.000","2","3","","0","0","0","0.000","0","0","0","0","0","0","","","","","","0.553","Mon, 14 Sep 2026 18:08:07 GMT","","","","","1.1","","","","","","https://gympluscoffee.com/cdn/shop/files/ECOM-KNIT-HALF-ZIP-GRAPE-NOIR-4.jpg?v=1786121898&width=1200","2026-09-14 19:08:06"
"https://gympluscoffee.com/cdn/shop/files/ECOM-FLATLAY-KNIT-HALF-ZIP-FIG-3.jpg?v=1787652744&width=1200","image/jpeg","200","OK","Indexable","","","0","0","","0","0","","0","","0","","0","","0","","","","","","","","","","412352","412352","412352","61.111","","0","","","","","0.000","2","3","","0","0","0","0.000","0","0","0","0","0","0","","","","","","0.615","Mon, 14 Sep 2026 18:08:07 GMT","","","","","1.1","","","","","","https://gympluscoffee.com/cdn/shop/files/ECOM-FLATLAY-KNIT-HALF-ZIP-FIG-3.jpg?v=1787652744&width=1200","2026-09-14 19:08:06"
"https://gympluscoffee.com/cdn/shop/files/ECOM-KNIT-HALF-ZIP-GRAPE-NOIR-6.jpg?v=1786121898&width=148","image/jpeg","200","OK","Indexable","","","0","0","","0","0","","0","","0","","0","","0","","","","","","","","","","9719","9719","9719","1.440","","0","","","","","0.000","2","3","","0","0","0","0.000","0","0","0","0","0","0","","","","","","0.345","Mon, 14 Sep 2026 18:08:07 GMT","","","","","1.1","","","","","","https://gympluscoffee.com/cdn/shop/files/ECOM-KNIT-HALF-ZIP-GRAPE-NOIR-6.jpg?v=1786121898&width=148","2026-09-14 19:08:06"
"https://gympluscoffee.com/cdn/shop/files/LawnJerseyinTwilgihtNavy_01_39b07860-de7c-4b31-a15a-e5f93ff9be89.jpg?v=1781008249&width=600","image/jpeg","200","OK","Indexable","","","0","0","","0","0","","0","","0","","0","","0","","","","","","","","","","45295","45295","45295","6.713","","0","","","","","0.000","2","3","","0","0","0","0.000","0","0","0","0","0","0","","","","","","0.054","Wed, 26 Aug 2026 14:01:09 GMT","","","","","1.1","","","","","","https://gympluscoffee.com/cdn/shop/files/LawnJerseyinTwilgihtNavy_01_39b07860-de7c-4b31-a15a-e5f93ff9be89.jpg?v=1781008249&width=600","2026-09-14 19:08:07"
"https://gympluscoffee.com/cdn/shop/files/ECOM-KNIT-HALF-ZIP-GRAPE-NOIR-7.jpg?v=1786121898&width=1200","image/jpeg","200","OK","Indexable","","","0","0","","0","0","","0","","0","","0","","0","","","","","","","","","","354187","354187","354187","52.491","","0","","","","","0.000","2","3","","0","0","0","0.000","0","0","0","0","0","0","","","","","","0.548","Mon, 14 Sep 2026 18:08:07 GMT","","","","","1.1","","","","","","https://gympluscoffee.com/cdn/shop/files/ECOM-KNIT-HALF-ZIP-GRAPE-NOIR-7.jpg?v=1786121898&width=1200","2026-09-14 19:08:06"
"https://gympluscoffee.com/cdn/shop/files/ECOM-SWIFT-FL-LEGGINGS-OASIS-BLUE-2.png?v=1761903854&width=48","image/png","200","OK","Indexable","","","0","0","","0","0","","0","","0","","0","","0","","","","","","","","","","3013","3013","3013","0.447","","0","","","","","0.000","2","3","","0","0","0","0.000","0","0","0","0","0","0","","","","","","0.072","Mon, 14 Sep 2026 18:08:07 GMT","","","","","1.1","","","","","","https://gympluscoffee.com/cdn/shop/files/ECOM-SWIFT-FL-LEGGINGS-OASIS-BLUE-2.png?v=1761903854&width=48","2026-09-14 19:08:07"
"https://gympluscoffee.com/cdn/shop/files/ECOM-SWIFT-FL-LEGGINGS-SANGRIA-6.jpg?v=1759314099&width=600","image/jpeg","200","OK","Indexable","","","0","0","","0","0","","0","","0","","0","","0","","","","","","","","","","70105","70105","70105","10.390","","0","","","","","0.000","2","3","","0","0","0","0.000","0","0","0","0","0","0","","","","","","0.162","Mon, 14 Sep 2026 18:08:07 GMT","","","","","1.1","","","","","","https://gympluscoffee.com/cdn/shop/files/ECOM-SWIFT-FL-LEGGINGS-SANGRIA-6.jpg?v=1759314099&width=600","2026-09-14 19:08:07"
"https://gympluscoffee.com/cdn/shop/files/ECOM-KNIT-BEANIE-AZURE-BLUE.png?v=1758021338&width=48","image/png","200","OK","Indexable","","","0","0","","0","0","","0","","0","","0","","0","","","","","","","","","","2942","2942","2942","0.436","","0","","","","","0.000","2","3","","0","0","0","0.000","0","0","0","0","0","0","","","","","","0.172","Mon, 14 Sep 2026 18:08:07 GMT","","","","","1.1","","","","","","https://gympluscoffee.com/cdn/shop/files/ECOM-KNIT-BEANIE-AZURE-BLUE.png?v=1758021338&width=48","2026-09-14 19:08:07"
"https://gympluscoffee.com/cdn/shop/files/ECOM-SWIFT-FL-LEGGINGS-SANGRIA-1.jpg?v=1759314095&width=48","image/jpeg","200","OK","Indexable","","","0","0","","0","0","","0","","0","","0","","0","","","","","","","","","","1798","1798","1798","0.266","","0","","","","","0.000","2","3","","0","0","0","0.000","0","0","0","0","0","0","","","","","","0.078","Mon, 14 Sep 2026 18:08:07 GMT","","","","","1.1","","","","","","https://gympluscoffee.com/cdn/shop/files/ECOM-SWIFT-FL-LEGGINGS-SANGRIA-1.jpg?v=1759314095&width=48","2026-09-14 19:08:07"
"https://gympluscoffee.com/cdn/shop/files/ECOM-UGC-BRA-RIPSTOP-SHORTS-POWER-RED-2_efe43733-292d-40ec-a04a-e38e4b9dd34f.jpg?v=1774279301&width=600","image/jpeg","200","OK","Indexable","","","0","0","","0","0","","0","","0","","0","","0","","","","","","","","","","124730","124730","124730","18.485","","0","","","","","0.000","2","3","","0","0","0","0.000","0","0","0","0","0","0","","","","","","0.050","Mon, 17 Aug 2026 22:54:03 GMT","","","","","1.1","","","","","","https://gympluscoffee.com/cdn/shop/files/ECOM-UGC-BRA-RIPSTOP-SHORTS-POWER-RED-2_efe43733-292d-40ec-a04a-e38e4b9dd34f.jpg?v=1774279301&width=600","2026-09-14 19:08:07"
"https://gympluscoffee.com/cdn/shop/files/UGC-ECOM-HAVEN-WINDBREAKER-UTILITY-SHORTS-1.jpg?v=1778674087&width=600","image/jpeg","200","OK","Indexable","","","0","0","","0","0","","0","","0","","0","","0","","","","","","","","","","142125","142125","142125","21.063","","0","","","","","0.000","2","3","","0","0","0","0.000","0","0","0","0","0","0","","","","","","0.042","Tue, 08 Sep 2026 19:54:43 GMT","","","","","1.1","","","","","","https://gympluscoffee.com/cdn/shop/files/UGC-ECOM-HAVEN-WINDBREAKER-UTILITY-SHORTS-1.jpg?v=1778674087&width=600","2026-09-14 19:08:07"
"https://gympluscoffee.com/cdn/shop/files/KatherineBoyle_190226_GymPlusCoffee_Ecom_SH26_1718.jpg?v=1772540181&width=600","image/jpeg","200","OK","Indexable","","","0","0","","0","0","","0","","0","","0","","0","","","","","","","","","","39841","39841","39841","5.904","","0","","","","","0.000","2","3","","0","0","0","0.000","0","0","0","0","0","0","","","","","","0.468","Mon, 14 Sep 2026 18:08:07 GMT","","","","","1.1","","","","","","https://gympluscoffee.com/cdn/shop/files/KatherineBoyle_190226_GymPlusCoffee_Ecom_SH26_1718.jpg?v=1772540181&width=600","2026-09-14 19:08:07"
"https://gympluscoffee.com/cdn/shop/files/BEANIE_WHITE.jpg?v=1732115236&width=600","image/jpeg","200","OK","Indexable","","","0","0","","0","0","","0","","0","","0","","0","","","","","","","","","","11690","11690","11690","1.732","","0","","","","","0.000","2","3","","0","0","0","0.000","0","0","0","0","0","0","","","","","","0.046","Tue, 01 Sep 2026 11:20:05 GMT","","","","","1.1","","","","","","https://gympluscoffee.com/cdn/shop/files/BEANIE_WHITE.jpg?v=1732115236&width=600","2026-09-14 19:08:07"
"https://gympluscoffee.com/cdn/shop/files/DAILY-ZIP-HOODIE-TERRA-ROSE-UGC-2.jpg?v=1777659265&width=600","image/jpeg","200","OK","Indexable","","","0","0","","0","0","","0","","0","","0","","0","","","","","","","","","","103597","103597","103597","15.353","","0","","","","","0.000","2","3","","0","0","0","0.000","0","0","0","0","0","0","","","","","","0.184","Mon, 14 Sep 2026 18:08:07 GMT","","","","","1.1","","","","","","https://gympluscoffee.com/cdn/shop/files/DAILY-ZIP-HOODIE-TERRA-ROSE-UGC-2.jpg?v=1777659265&width=600","2026-09-14 19:08:07"
"https://gympluscoffee.com/products/club-windbreaker-in-vintage-white","text/html; charset=UTF-8","429","Too Many Requests","Non-Indexable","Client Error","","0","0","","0","0","","0","","0","","0","","0","","","","","","","","","","0","0","0","0.000","","0","","","","","0.000","2","1","","4","2","0","5.710","0","0","0","0","0","0","","","","","","0.031","","","","","","1.1","","","","","","https://gympluscoffee.com/products/club-windbreaker-in-vintage-white","2026-09-14 19:08:07"
"https://gympluscoffee.com/products/swift-full-length-legging-in-sangria-aw25","text/html; charset=UTF-8","429","Too Many Requests","Non-Indexable","Client Error","","0","0","","0","0","","0","","0","","0","","0","","","","","","","","","","0","0","0","0.000","","0","","","","","0.000","2","1","","6","3","0","8.570","0","0","0","0","0","0","","","","","","0.032","","","","","","1.1","","","","","","https://gympluscoffee.com/products/swift-full-length-legging-in-sangria-aw25","2026-09-14 19:08:07"
"https://gympluscoffee.com/cdn/shop/files/ECOM-SWIFT-FL-LEGGINGS-SANGRIA-6.jpg?v=1759314099&width=48","image/jpeg","200","OK","Indexable","","","0","0","","0","0","","0","","0","","0","","0","","","","","","","","","","2139","2139","2139","0.317","","0","","","","","0.000","2","3","","0","0","0","0.000","0","0","0","0","0","0","","","","","","0.061","Mon, 14 Sep 2026 18:08:07 GMT","","","","","1.1","","","","","","https://gympluscoffee.com/cdn/shop/files/ECOM-SWIFT-FL-LEGGINGS-SANGRIA-6.jpg?v=1759314099&width=48","2026-09-14 19:08:07"
"https://gympluscoffee.com/cdn/shop/files/ECOM-RELENTLESS-6_-BIKE-SHORTS-SPRINT-GREEN-4.jpg?v=1774282785&width=48","image/jpeg","200","OK","Indexable","","","0","0","","0","0","","0","","0","","0","","0","","","","","","","","","","2513","2513","2513","0.372","","0","","","","","0.000","2","3","","0","0","0","0.000","0","0","0","0","0","0","","","","","","0.386","Mon, 14 Sep 2026 18:08:07 GMT","","","","","1.1","","","","","","https://gympluscoffee.com/cdn/shop/files/ECOM-RELENTLESS-6_-BIKE-SHORTS-SPRINT-GREEN-4.jpg?v=1774282785&width=48","2026-09-14 19:08:07"
"https://gympluscoffee.com/cdn/shop/files/storm-blue-bobble-beanie-beanies-gym-coffee.jpg?v=1731601303&width=600","image/jpeg","200","OK","Indexable","","","0","0","","0","0","","0","","0","","0","","0","","","","","","","","","","74542","74542","74542","11.047","","0","","","","","0.000","2","3","","0","0","0","0.000","0","0","0","0","0","0","","","","","","0.507","Mon, 14 Sep 2026 18:08:07 GMT","","","","","1.1","","","","","","https://gympluscoffee.com/cdn/shop/files/storm-blue-bobble-beanie-beanies-gym-coffee.jpg?v=1731601303&width=600","2026-09-14 19:08:07"
"https://gympluscoffee.com/cdn/shop/files/KatherineBoyle_190226_GymPlusCoffee_Ecom_SH19_13082.jpg?v=1772540024&width=48","image/jpeg","200","OK","Indexable","","","0","0","","0","0","","0","","0","","0","","0","","","","","","","","","","2214","2214","2214","0.328","","0","","","","","0.000","2","3","","0","0","0","0.000","0","0","0","0","0","0","","","","","","0.076","Mon, 14 Sep 2026 18:08:07 GMT","","","","","1.1","","","","","","https://gympluscoffee.com/cdn/shop/files/KatherineBoyle_190226_GymPlusCoffee_Ecom_SH19_13082.jpg?v=1772540024&width=48","2026-09-14 19:08:07"
"https://gympluscoffee.com/cdn/shop/files/UGC-ECOM-JERSEY-BUTTER-YELLOW-1.jpg?v=1781008871&width=48","image/jpeg","200","OK","Indexable","","","0","0","","0","0","","0","","0","","0","","0","","","","","","","","","","2243","2243","2243","0.332","","0","","","","","0.000","2","3","","0","0","0","0.000","0","0","0","0","0","0","","","","","","0.054","Tue, 08 Sep 2026 10:01:14 GMT","","","","","1.1","","","","","","https://gympluscoffee.com/cdn/shop/files/UGC-ECOM-JERSEY-BUTTER-YELLOW-1.jpg?v=1781008871&width=48","2026-09-14 19:08:07"
"https://gympluscoffee.com/cdn/shop/files/ECOM-CLUBHOUSE-QUARTER-ZIP-BLACK-7.jpg?v=1742906262&width=600","image/jpeg","200","OK","Indexable","","","0","0","","0","0","","0","","0","","0","","0","","","","","","","","","","36483","36483","36483","5.407","","0","","","","","0.000","2","3","","0","0","0","0.000","0","0","0","0","0","0","","","","","","0.070","Fri, 11 Sep 2026 19:51:10 GMT","","","","","1.1","","","","","","https://gympluscoffee.com/cdn/shop/files/ECOM-CLUBHOUSE-QUARTER-ZIP-BLACK-7.jpg?v=1742906262&width=600","2026-09-14 19:08:07"
"https://gympluscoffee.com/cdn/shop/files/ECOM-DAILY-COLLARED-SWEATSHIRT-EARTH_010.jpg?v=1771254698&width=600","image/jpeg","200","OK","Indexable","","","0","0","","0","0","","0","","0","","0","","0","","","","","","","","","","30972","30972","30972","4.590","","0","","","","","0.000","2","3","","0","0","0","0.000","0","0","0","0","0","0","","","","","","0.040","Sun, 30 Aug 2026 20:53:27 GMT","","","","","1.1","","","","","","https://gympluscoffee.com/cdn/shop/files/ECOM-DAILY-COLLARED-SWEATSHIRT-EARTH_010.jpg?v=1771254698&width=600","2026-09-14 19:08:07"
"https://gympluscoffee.com/products/tempo-hoodie-in-pebble-ss26","text/html; charset=UTF-8","429","Too Many Requests","Non-Indexable","Client Error","","0","0","","0","0","","0","","0","","0","","0","","","","","","","","","","0","0","0","0.000","","0","","","","","0.000","2","1","","6","3","0","8.570","0","0","0","0","0","0","","","","","","0.054","","","","","","1.1","","","","","","https://gympluscoffee.com/products/tempo-hoodie-in-pebble-ss26","2026-09-14 19:08:07"
"https://gympluscoffee.com/cdn/shop/files/ECOM-GPC-SPEED-RIPSTOP-SHORTS-SPRINT-GREEN-5_34ffaf8b-df8e-4d55-ac93-13eb3f01fff6.jpg?v=1773268147&width=600","image/jpeg","200","OK","Indexable","","","0","0","","0","0","","0","","0","","0","","0","","","","","","","","","","65260","65260","65260","9.672","","0","","","","","0.000","2","3","","0","0","0","0.000","0","0","0","0","0","0","","","","","","0.387","Mon, 14 Sep 2026 18:08:08 GMT","","","","","1.1","","","","","","https://gympluscoffee.com/cdn/shop/files/ECOM-GPC-SPEED-RIPSTOP-SHORTS-SPRINT-GREEN-5_34ffaf8b-df8e-4d55-ac93-13eb3f01fff6.jpg?v=1773268147&width=600","2026-09-14 19:08:07"
"https://gympluscoffee.com/cdn/shop/files/KatherineBoyle_190226_GymPlusCoffee_Ecom_SH16_1122.jpg?v=1773925409&width=600","image/jpeg","200","OK","Indexable","","","0","0","","0","0","","0","","0","","0","","0","","","","","","","","","","49433","49433","49433","7.326","","0","","","","","0.000","2","3","","0","0","0","0.000","0","0","0","0","0","0","","","","","","0.501","Mon, 14 Sep 2026 18:08:08 GMT","","","","","1.1","","","","","","https://gympluscoffee.com/cdn/shop/files/KatherineBoyle_190226_GymPlusCoffee_Ecom_SH16_1122.jpg?v=1773925409&width=600","2026-09-14 19:08:07"
"https://gympluscoffee.com/cdn/shop/files/ECOM-5_-SHORTS-TERRA-ROSE-3_0e136494-2fed-4782-ad4a-1cfc3ad3787a.jpg?v=1784647323&width=600","image/jpeg","200","OK","Indexable","","","0","0","","0","0","","0","","0","","0","","0","","","","","","","","","","42433","42433","42433","6.289","","0","","","","","0.000","2","3","","0","0","0","0.000","0","0","0","0","0","0","","","","","","0.427","Mon, 14 Sep 2026 18:08:08 GMT","","","","","1.1","","","","","","https://gympluscoffee.com/cdn/shop/files/ECOM-5_-SHORTS-TERRA-ROSE-3_0e136494-2fed-4782-ad4a-1cfc3ad3787a.jpg?v=1784647323&width=600","2026-09-14 19:08:07"
"https://gympluscoffee.com/products/knit-beanie-in-sangria-sunset-aw25","text/html; charset=UTF-8","429","Too Many Requests","Non-Indexable","Client Error","","0","0","","0","0","","0","","0","","0","","0","","","","","","","","","","0","0","0","0.000","","0","","","","","0.000","2","1","","2","1","0","2.860","0","0","0","0","0","0","","","","","","0.110","","","","","","1.1","","","","","","https://gympluscoffee.com/products/knit-beanie-in-sangria-sunset-aw25","2026-09-14 19:08:07"
"https://gympluscoffee.com/cdn/shop/files/ECOM-DAILY-CREW-TERRA-ROSE-1.jpg?v=1783524654&width=48","image/jpeg","200","OK","Indexable","","","0","0","","0","0","","0","","0","","0","","0","","","","","","","","","","1786","1786","1786","0.265","","0","","","","","0.000","2","3","","0","0","0","0.000","0","0","0","0","0","0","","","","","","0.150","Mon, 14 Sep 2026 18:08:08 GMT","","","","","1.1","","","","","","https://gympluscoffee.com/cdn/shop/files/ECOM-DAILY-CREW-TERRA-ROSE-1.jpg?v=1783524654&width=48","2026-09-14 19:08:07"
"https://gympluscoffee.com/cdn/shop/files/UGC-ECOM-PRINTED-TEE-MOCHA-1.jpg?v=1778676057&width=600","image/jpeg","200","OK","Indexable","","","0","0","","0","0","","0","","0","","0","","0","","","","","","","","","","103207","103207","103207","15.295","","0","","","","","0.000","2","3","","0","0","0","0.000","0","0","0","0","0","0","","","","","","0.039","Thu, 03 Sep 2026 16:35:02 GMT","","","","","1.1","","","","","","https://gympluscoffee.com/cdn/shop/files/UGC-ECOM-PRINTED-TEE-MOCHA-1.jpg?v=1778676057&width=600","2026-09-14 19:08:08"
"https://gympluscoffee.com/cdn/shop/files/BEANIE_WHITE_BOBBLEjpg.jpg?v=1732115344&width=600","image/jpeg","200","OK","Indexable","","","0","0","","0","0","","0","","0","","0","","0","","","","","","","","","","12297","12297","12297","1.822","","0","","","","","0.000","2","3","","0","0","0","0.000","0","0","0","0","0","0","","","","","","0.142","Mon, 14 Sep 2026 18:08:08 GMT","","","","","1.1","","","","","","https://gympluscoffee.com/cdn/shop/files/BEANIE_WHITE_BOBBLEjpg.jpg?v=1732115344&width=600","2026-09-14 19:08:07"
"https://gympluscoffee.com/cdn/shop/files/ECOM-KNIT-BEANIE-COTTON-CANDY.png?v=1758021274&width=600","image/png","200","OK","Indexable","","","0","0","","0","0","","0","","0","","0","","0","","","","","","","","","","295292","295292","295292","43.762","","0","","","","","0.000","2","3","","0","0","0","0.000","0","0","0","0","0","0","","","","","","0.042","Thu, 13 Aug 2026 17:35:29 GMT","","","","","1.1","","","","","","https://gympluscoffee.com/cdn/shop/files/ECOM-KNIT-BEANIE-COTTON-CANDY.png?v=1758021274&width=600","2026-09-14 19:08:08"
"https://gympluscoffee.com/cdn/shop/files/ECOM-RELAXED-HOODIES-UGC-1.jpg?v=1780997302&width=48","image/jpeg","200","OK","Indexable","","","0","0","","0","0","","0","","0","","0","","0","","","","","","","","","","2385","2385","2385","0.353","","0","","","","","0.000","2","3","","0","0","0","0.000","0","0","0","0","0","0","","","","","","0.041","Fri, 28 Aug 2026 13:44:50 GMT","","","","","1.1","","","","","","https://gympluscoffee.com/cdn/shop/files/ECOM-RELAXED-HOODIES-UGC-1.jpg?v=1780997302&width=48","2026-09-14 19:08:08"
"https://gympluscoffee.com/cdn/shop/files/ECOM-SIERRA-HALF-ZIP-COTTON-CANDY-3.jpg?v=1759313970&width=600","image/jpeg","200","OK","Indexable","","","0","0","","0","0","","0","","0","","0","","0","","","","","","","","","","44884","44884","44884","6.652","","0","","","","","0.000","2","3","","0","0","0","0.000","0","0","0","0","0","0","","","","","","0.046","Thu, 10 Sep 2026 15:53:36 GMT","","","","","1.1","","","","","","https://gympluscoffee.com/cdn/shop/files/ECOM-SIERRA-HALF-ZIP-COTTON-CANDY-3.jpg?v=1759313970&width=600","2026-09-14 19:08:08"
"https://gympluscoffee.com/products/tempo-hoodie-in-black-ss26","text/html; charset=UTF-8","429","Too Many Requests","Non-Indexable","Client Error","","0","0","","0","0","","0","","0","","0","","0","","","","","","","","","","0","0","0","0.000","","0","","","","","0.000","2","1","","6","3","0","8.570","0","0","0","0","0","0","","","","","","0.037","","","","","","1.1","","","","","","https://gympluscoffee.com/products/tempo-hoodie-in-black-ss26","2026-09-14 19:08:08"
"https://gympluscoffee.com/cdn/shop/files/ECOM-FLARES-EARTH_01_5defd8c3-be88-451c-b41f-62cfd57499b9.jpg?v=1784647324&width=600","image/jpeg","200","OK","Indexable","","","0","0","","0","0","","0","","0","","0","","0","","","","","","","","","","18628","18628","18628","2.761","","0","","","","","0.000","2","3","","0","0","0","0.000","0","0","0","0","0","0","","","","","","0.052","Wed, 26 Aug 2026 11:55:16 GMT","","","","","1.1","","","","","","https://gympluscoffee.com/cdn/shop/files/ECOM-FLARES-EARTH_01_5defd8c3-be88-451c-b41f-62cfd57499b9.jpg?v=1784647324&width=600","2026-09-14 19:08:08"
"https://gympluscoffee.com/products/club-jersey-in-twilight-navy-ss26","text/html; charset=UTF-8","429","Too Many Requests","Non-Indexable","Client Error","","0","0","","0","0","","0","","0","","0","","0","","","","","","","","","","0","0","0","0.000","","0","","","","","0.000","2","1","","6","3","0","8.570","0","0","0","0","0","0","","","","","","0.040","","","","","","1.1","","","","","","https://gympluscoffee.com/products/club-jersey-in-twilight-navy-ss26","2026-09-14 19:08:08"
"https://gympluscoffee.com/cdn/shop/files/GPC_Cross_Body_Maroon_01.jpg?v=1778673832&width=600","image/jpeg","200","OK","Indexable","","","0","0","","0","0","","0","","0","","0","","0","","","","","","","","","","27153","27153","27153","4.024","","0","","","","","0.000","2","3","","0","0","0","0.000","0","0","0","0","0","0","","","","","","0.146","Mon, 14 Sep 2026 18:08:08 GMT","","","","","1.1","","","","","","https://gympluscoffee.com/cdn/shop/files/GPC_Cross_Body_Maroon_01.jpg?v=1778673832&width=600","2026-09-14 19:08:08"
"https://gympluscoffee.com/cdn/shop/files/GPC_Cross_Body_Black_01.jpg?v=1778673648&width=48","image/jpeg","200","OK","Indexable","","","0","0","","0","0","","0","","0","","0","","0","","","","","","","","","","1636","1636","1636","0.242","","0","","","","","0.000","2","3","","0","0","0","0.000","0","0","0","0","0","0","","","","","","0.400","Mon, 14 Sep 2026 18:08:08 GMT","","","","","1.1","","","","","","https://gympluscoffee.com/cdn/shop/files/GPC_Cross_Body_Black_01.jpg?v=1778673648&width=48","2026-09-14 19:08:07"
"https://gympluscoffee.com/cdn/shop/files/KatherineBoyle_190226_GymPlusCoffee_Ecom_SH19_13121.jpg?v=1772540033&width=600","image/jpeg","200","OK","Indexable","","","0","0","","0","0","","0","","0","","0","","0","","","","","","","","","","32834","32834","32834","4.866","","0","","","","","0.000","2","3","","0","0","0","0.000","0","0","0","0","0","0","","","","","","0.051","Fri, 11 Sep 2026 09:30:58 GMT","","","","","1.1","","","","","","https://gympluscoffee.com/cdn/shop/files/KatherineBoyle_190226_GymPlusCoffee_Ecom_SH19_13121.jpg?v=1772540033&width=600","2026-09-14 19:08:08"
"https://gympluscoffee.com/cdn/shop/files/ECOM-RELENTLESS-6_-BIKE-SHORTS-SPRINT-GREEN-7_caa6093d-c12a-4bef-aca4-80d05a925f7c.jpg?v=1774282785&width=600","image/jpeg","200","OK","Indexable","","","0","0","","0","0","","0","","0","","0","","0","","","","","","","","","","44492","44492","44492","6.594","","0","","","","","0.000","2","3","","0","0","0","0.000","0","0","0","0","0","0","","","","","","0.052","Fri, 28 Aug 2026 15:43:58 GMT","","","","","1.1","","","","","","https://gympluscoffee.com/cdn/shop/files/ECOM-RELENTLESS-6_-BIKE-SHORTS-SPRINT-GREEN-7_caa6093d-c12a-4bef-aca4-80d05a925f7c.jpg?v=1774282785&width=600","2026-09-14 19:08:08"
"https://gympluscoffee.com/products/ripstop-shorts-in-power-red-ss26","text/html; charset=UTF-8","429","Too Many Requests","Non-Indexable","Client Error","","0","0","","0","0","","0","","0","","0","","0","","","","","","","","","","0","0","0","0.000","","0","","","","","0.000","2","1","","4","2","0","5.710","0","0","0","0","0","0","","","","","","0.035","","","","","","1.1","","","","","","https://gympluscoffee.com/products/ripstop-shorts-in-power-red-ss26","2026-09-14 19:08:08"
"https://gympluscoffee.com/cdn/shop/files/ECOM-SNAP-POLAR-FLEECE-PINK-VELVET-15.jpg?v=1779198689&width=48","image/jpeg","200","OK","Indexable","","","0","0","","0","0","","0","","0","","0","","0","","","","","","","","","","1984","1984","1984","0.294","","0","","","","","0.000","2","3","","0","0","0","0.000","0","0","0","0","0","0","","","","","","0.065","Tue, 08 Sep 2026 06:48:11 GMT","","","","","1.1","","","","","","https://gympluscoffee.com/cdn/shop/files/ECOM-SNAP-POLAR-FLEECE-PINK-VELVET-15.jpg?v=1779198689&width=48","2026-09-14 19:08:08"
"https://gympluscoffee.com/cdn/shop/files/ECOM-SNAP-POLAR-FLEECE-PINK-VELVET-15.jpg?v=1779198689&width=600","image/jpeg","200","OK","Indexable","","","0","0","","0","0","","0","","0","","0","","0","","","","","","","","","","44673","44673","44673","6.621","","0","","","","","0.000","2","3","","0","0","0","0.000","0","0","0","0","0","0","","","","","","0.049","Tue, 01 Sep 2026 17:38:26 GMT","","","","","1.1","","","","","","https://gympluscoffee.com/cdn/shop/files/ECOM-SNAP-POLAR-FLEECE-PINK-VELVET-15.jpg?v=1779198689&width=600","2026-09-14 19:08:08"
"https://gympluscoffee.com/cdn/shop/files/DAILY-ZIP-HOODIE-TERRA-ROSE-UGC-2.jpg?v=1777659265&width=48","image/jpeg","200","OK","Indexable","","","0","0","","0","0","","0","","0","","0","","0","","","","","","","","","","2666","2666","2666","0.395","","0","","","","","0.000","2","3","","0","0","0","0.000","0","0","0","0","0","0","","","","","","0.058","Mon, 14 Sep 2026 18:08:08 GMT","","","","","1.1","","","","","","https://gympluscoffee.com/cdn/shop/files/DAILY-ZIP-HOODIE-TERRA-ROSE-UGC-2.jpg?v=1777659265&width=48","2026-09-14 19:08:08"
"https://gympluscoffee.com/cdn/shop/files/ECOM-KNIT-BEANIE-SANGIRA-SUNSET.png?v=1758021263&width=600","image/png","200","OK","Indexable","","","0","0","","0","0","","0","","0","","0","","0","","","","","","","","","","369295","369295","369295","54.730","","0","","","","","0.000","2","3","","0","0","0","0.000","0","0","0","0","0","0","","","","","","0.040","Tue, 08 Sep 2026 12:40:42 GMT","","","","","1.1","","","","","","https://gympluscoffee.com/cdn/shop/files/ECOM-KNIT-BEANIE-SANGIRA-SUNSET.png?v=1758021263&width=600","2026-09-14 19:08:08"
"https://gympluscoffee.com/cdn/shop/files/UGC-CLUB-JERSEY-BUTTER-YELLOW-5.jpg?v=1782903150&width=48","image/jpeg","200","OK","Indexable","","","0","0","","0","0","","0","","0","","0","","0","","","","","","","","","","2564","2564","2564","0.380","","0","","","","","0.000","2","3","","0","0","0","0.000","0","0","0","0","0","0","","","","","","0.376","Mon, 14 Sep 2026 18:08:08 GMT","","","","","1.1","","","","","","https://gympluscoffee.com/cdn/shop/files/UGC-CLUB-JERSEY-BUTTER-YELLOW-5.jpg?v=1782903150&width=48","2026-09-14 19:08:08"
"https://gympluscoffee.com/cdn/shop/files/ECOM-FLARES-TERRA-ROSE-2.jpg?v=1784647324&width=600","image/jpeg","200","OK","Indexable","","","0","0","","0","0","","0","","0","","0","","0","","","","","","","","","","39241","39241","39241","5.816","","0","","","","","0.000","2","3","","0","0","0","0.000","0","0","0","0","0","0","","","","","","0.041","Tue, 01 Sep 2026 18:01:34 GMT","","","","","1.1","","","","","","https://gympluscoffee.com/cdn/shop/files/ECOM-FLARES-TERRA-ROSE-2.jpg?v=1784647324&width=600","2026-09-14 19:08:08"
"https://gympluscoffee.com/products/knit-bobble-beanie-in-sky-blue-aw24","text/html; charset=UTF-8","429","Too Many Requests","Non-Indexable","Client Error","","0","0","","0","0","","0","","0","","0","","0","","","","","","","","","","0","0","0","0.000","","0","","","","","0.000","2","1","","2","1","0","2.860","0","0","0","0","0","0","","","","","","0.037","","","","","","1.1","","","","","","https://gympluscoffee.com/products/knit-bobble-beanie-in-sky-blue-aw24","2026-09-14 19:08:08"
"https://gympluscoffee.com/cdn/shop/files/ECOM-SNAP-COLLAR-SWEATSHIRT-PINK-VELVET-1.jpg?v=1776769992&width=600","image/jpeg","200","OK","Indexable","","","0","0","","0","0","","0","","0","","0","","0","","","","","","","","","","61014","61014","61014","9.042","","0","","","","","0.000","2","3","","0","0","0","0.000","0","0","0","0","0","0","","","","","","0.172","Mon, 14 Sep 2026 18:08:08 GMT","","","","","1.1","","","","","","https://gympluscoffee.com/cdn/shop/files/ECOM-SNAP-COLLAR-SWEATSHIRT-PINK-VELVET-1.jpg?v=1776769992&width=600","2026-09-14 19:08:08"
"https://gympluscoffee.com/cdn/shop/files/ECOM-5_-BIKE-SHORTS-BLACK-5.jpg?v=1784647325&width=600","image/jpeg","200","OK","Indexable","","","0","0","","0","0","","0","","0","","0","","0","","","","","","","","","","51226","51226","51226","7.592","","0","","","","","0.000","2","3","","0","0","0","0.000","0","0","0","0","0","0","","","","","","0.041","Sun, 13 Sep 2026 13:03:10 GMT","","","","","1.1","","","","","","https://gympluscoffee.com/cdn/shop/files/ECOM-5_-BIKE-SHORTS-BLACK-5.jpg?v=1784647325&width=600","2026-09-14 19:08:08"
"https://gympluscoffee.com/cdn/shop/files/ECOM-5_-BIKE-SHORTS-BLACK-5.jpg?v=1784647325&width=48","image/jpeg","200","OK","Indexable","","","0","0","","0","0","","0","","0","","0","","0","","","","","","","","","","1578","1578","1578","0.234","","0","","","","","0.000","2","3","","0","0","0","0.000","0","0","0","0","0","0","","","","","","0.328","Mon, 14 Sep 2026 18:08:08 GMT","","","","","1.1","","","","","","https://gympluscoffee.com/cdn/shop/files/ECOM-5_-BIKE-SHORTS-BLACK-5.jpg?v=1784647325&width=48","2026-09-14 19:08:08"
"https://gympluscoffee.com/products/snap-collar-sierra-sweatshirt-in-pink-velvet-ss26","text/html; charset=UTF-8","429","Too Many Requests","Non-Indexable","Client Error","","0","0","","0","0","","0","","0","","0","","0","","","","","","","","","","0","0","0","0.000","","0","","","","","0.000","2","1","","4","2","0","5.710","0","0","0","0","0","0","","","","","","0.032","","","","","","1.1","","","","","","https://gympluscoffee.com/products/snap-collar-sierra-sweatshirt-in-pink-velvet-ss26","2026-09-14 19:08:08"
"https://gympluscoffee.com/cdn/shop/files/ECOM-5_-BIKE-SHORTS-BLACK-4.jpg?v=1784647323&width=600","image/jpeg","200","OK","Indexable","","","0","0","","0","0","","0","","0","","0","","0","","","","","","","","","","34714","34714","34714","5.145","","0","","","","","0.000","2","3","","0","0","0","0.000","0","0","0","0","0","0","","","","","","0.046","Sun, 13 Sep 2026 13:03:10 GMT","","","","","1.1","","","","","","https://gympluscoffee.com/cdn/shop/files/ECOM-5_-BIKE-SHORTS-BLACK-4.jpg?v=1784647323&width=600","2026-09-14 19:08:08"
"https://gympluscoffee.com/cdn/shop/files/ECOM-CAMPAIGN-CLUBHOUSE-WIDE-LEG-JOGGERS-BLACK-1.png?v=1742906262&width=48","image/png","200","OK","Indexable","","","0","0","","0","0","","0","","0","","0","","0","","","","","","","","","","7016","7016","7016","1.040","","0","","","","","0.000","2","3","","0","0","0","0.000","0","0","0","0","0","0","","","","","","0.043","Tue, 01 Sep 2026 23:13:15 GMT","","","","","1.1","","","","","","https://gympluscoffee.com/cdn/shop/files/ECOM-CAMPAIGN-CLUBHOUSE-WIDE-LEG-JOGGERS-BLACK-1.png?v=1742906262&width=48","2026-09-14 19:08:08"
"https://gympluscoffee.com/cdn/shop/files/KatherineBoyle_190226_GymPlusCoffee_Ecom_SH26_1718.jpg?v=1772540181&width=48","image/jpeg","200","OK","Indexable","","","0","0","","0","0","","0","","0","","0","","0","","","","","","","","","","2131","2131","2131","0.316","","0","","","","","0.000","2","3","","0","0","0","0.000","0","0","0","0","0","0","","","","","","0.381","Mon, 14 Sep 2026 18:08:08 GMT","","","","","1.1","","","","","","https://gympluscoffee.com/cdn/shop/files/KatherineBoyle_190226_GymPlusCoffee_Ecom_SH26_1718.jpg?v=1772540181&width=48","2026-09-14 19:08:08"
"https://gympluscoffee.com/cdn/shop/files/UGC-ECOM-HAVEN-WINDBREAKER-UTILITY-SHORTS-1.jpg?v=1778674087&width=48","image/jpeg","200","OK","Indexable","","","0","0","","0","0","","0","","0","","0","","0","","","","","","","","","","2715","2715","2715","0.402","","0","","","","","0.000","2","3","","0","0","0","0.000","0","0","0","0","0","0","","","","","","0.043","Sat, 12 Sep 2026 06:43:08 GMT","","","","","1.1","","","","","","https://gympluscoffee.com/cdn/shop/files/UGC-ECOM-HAVEN-WINDBREAKER-UTILITY-SHORTS-1.jpg?v=1778674087&width=48","2026-09-14 19:08:08"
"https://gympluscoffee.com/cdn/shop/files/ECOM-DAILY-WIDE-LEG-JOGGER-PINK-BLOSSOM-9.jpg?v=1770365313&width=48","image/jpeg","200","OK","Indexable","","","0","0","","0","0","","0","","0","","0","","0","","","","","","","","","","2063","2063","2063","0.306","","0","","","","","0.000","2","3","","0","0","0","0.000","0","0","0","0","0","0","","","","","","0.042","Wed, 09 Sep 2026 19:23:43 GMT","","","","","1.1","","","","","","https://gympluscoffee.com/cdn/shop/files/ECOM-DAILY-WIDE-LEG-JOGGER-PINK-BLOSSOM-9.jpg?v=1770365313&width=48","2026-09-14 19:08:08"
"https://gympluscoffee.com/products/day-kind-soft-motion-tank-in-pink-blossom-ss26","text/html; charset=UTF-8","429","Too Many Requests","Non-Indexable","Client Error","","0","0","","0","0","","0","","0","","0","","0","","","","","","","","","","0","0","0","0.000","","0","","","","","0.000","2","1","","6","3","0","8.570","0","0","0","0","0","0","","","","","","0.034","","","","","","1.1","","","","","","https://gympluscoffee.com/products/day-kind-soft-motion-tank-in-pink-blossom-ss26","2026-09-14 19:08:08"
"https://gympluscoffee.com/cdn/shop/files/ECOM-UGC-BRA-RIPSTOP-SHORTS-POWER-RED-4.jpg?v=1774279301&width=600","image/jpeg","200","OK","Indexable","","","0","0","","0","0","","0","","0","","0","","0","","","","","","","","","","117508","117508","117508","17.415","","0","","","","","0.000","2","3","","0","0","0","0.000","0","0","0","0","0","0","","","","","","0.040","Sun, 30 Aug 2026 22:26:32 GMT","","","","","1.1","","","","","","https://gympluscoffee.com/cdn/shop/files/ECOM-UGC-BRA-RIPSTOP-SHORTS-POWER-RED-4.jpg?v=1774279301&width=600","2026-09-14 19:08:08"
"https://gympluscoffee.com/products/clubhouse-wide-leg-jogger-in-black-ss25","text/html; charset=UTF-8","429","Too Many Requests","Non-Indexable","Client Error","","0","0","","0","0","","0","","0","","0","","0","","","","","","","","","","0","0","0","0.000","","0","","","","","0.000","2","1","","2","1","0","2.860","0","0","0","0","0","0","","","","","","0.034","","","","","","1.1","","","","","","https://gympluscoffee.com/products/clubhouse-wide-leg-jogger-in-black-ss25","2026-09-14 19:08:08"
"https://gympluscoffee.com/cdn/shop/files/ECOM-DAILY-WIDE-LEG-JOGGER-PINK-BLOSSOM-9.jpg?v=1770365313&width=600","image/jpeg","200","OK","Indexable","","","0","0","","0","0","","0","","0","","0","","0","","","","","","","","","","52420","52420","52420","7.769","","0","","","","","0.000","2","3","","0","0","0","0.000","0","0","0","0","0","0","","","","","","0.046","Sun, 23 Aug 2026 09:33:53 GMT","","","","","1.1","","","","","","https://gympluscoffee.com/cdn/shop/files/ECOM-DAILY-WIDE-LEG-JOGGER-PINK-BLOSSOM-9.jpg?v=1770365313&width=600","2026-09-14 19:08:08"
"https://gympluscoffee.com/cdn/shop/files/ECOM-SNAP-POLAR-FLEECE-PINK-VELVET-6.jpg?v=1779198719&width=600","image/jpeg","200","OK","Indexable","","","0","0","","0","0","","0","","0","","0","","0","","","","","","","","","","46656","46656","46656","6.914","","0","","","","","0.000","2","3","","0","0","0","0.000","0","0","0","0","0","0","","","","","","0.042","Tue, 01 Sep 2026 17:38:26 GMT","","","","","1.1","","","","","","https://gympluscoffee.com/cdn/shop/files/ECOM-SNAP-POLAR-FLEECE-PINK-VELVET-6.jpg?v=1779198719&width=600","2026-09-14 19:08:08"
"https://gympluscoffee.com/cdn/shop/files/ECOM-KNIT-BOBBLE-BEANIE-SUNRISE-PEACH-FLATLAY.png?v=1731581728&width=600","image/png","200","OK","Indexable","","","0","0","","0","0","","0","","0","","0","","0","","","","","","","","","","219971","219971","219971","32.600","","0","","","","","0.000","2","3","","0","0","0","0.000","0","0","0","0","0","0","","","","","","0.587","Mon, 14 Sep 2026 18:08:08 GMT","","","","","1.1","","","","","","https://gympluscoffee.com/cdn/shop/files/ECOM-KNIT-BOBBLE-BEANIE-SUNRISE-PEACH-FLATLAY.png?v=1731581728&width=600","2026-09-14 19:08:08"
"https://gympluscoffee.com/cdn/shop/files/ECOM-SWIFT-FL-LEGGINGS-OASIS-BLUE-1.png?v=1761903849&width=48","image/png","200","OK","Indexable","","","0","0","","0","0","","0","","0","","0","","0","","","","","","","","","","2893","2893","2893","0.429","","0","","","","","0.000","2","3","","0","0","0","0.000","0","0","0","0","0","0","","","","","","0.061","Mon, 14 Sep 2026 18:08:08 GMT","","","","","1.1","","","","","","https://gympluscoffee.com/cdn/shop/files/ECOM-SWIFT-FL-LEGGINGS-OASIS-BLUE-1.png?v=1761903849&width=48","2026-09-14 19:08:08"
"https://gympluscoffee.com/products/relentless-6-bike-short-in-sprint-green-ss26","text/html; charset=UTF-8","429","Too Many Requests","Non-Indexable","Client Error","","0","0","","0","0","","0","","0","","0","","0","","","","","","","","","","0","0","0","0.000","","0","","","","","0.000","2","1","","4","2","0","5.710","0","0","0","0","0","0","","","","","","0.034","","","","","","1.1","","","","","","https://gympluscoffee.com/products/relentless-6-bike-short-in-sprint-green-ss26","2026-09-14 19:08:08"
"https://gympluscoffee.com/cdn/shop/files/ECOM-BOXY-TANK-PERIWINKLE-BLUE-4b.jpg?v=1777287663&width=600","image/jpeg","200","OK","Indexable","","","0","0","","0","0","","0","","0","","0","","0","","","","","","","","","","71404","71404","71404","10.582","","0","","","","","0.000","2","3","","0","0","0","0.000","0","0","0","0","0","0","","","","","","0.200","Mon, 14 Sep 2026 18:08:08 GMT","","","","","1.1","","","","","","https://gympluscoffee.com/cdn/shop/files/ECOM-BOXY-TANK-PERIWINKLE-BLUE-4b.jpg?v=1777287663&width=600","2026-09-14 19:08:08"
"https://gympluscoffee.com/cdn/shop/files/UGC-ECOM-JERSEY-BUTTER-YELLOW-1.jpg?v=1781008871&width=600","image/jpeg","200","OK","Indexable","","","0","0","","0","0","","0","","0","","0","","0","","","","","","","","","","93182","93182","93182","13.810","","0","","","","","0.000","2","3","","0","0","0","0.000","0","0","0","0","0","0","","","","","","0.057","Sun, 30 Aug 2026 14:07:47 GMT","","","","","1.1","","","","","","https://gympluscoffee.com/cdn/shop/files/UGC-ECOM-JERSEY-BUTTER-YELLOW-1.jpg?v=1781008871&width=600","2026-09-14 19:08:08"
"https://gympluscoffee.com/cdn/shop/files/GPC_Cross_Body_Black_01.jpg?v=1778673648&width=600","image/jpeg","200","OK","Indexable","","","0","0","","0","0","","0","","0","","0","","0","","","","","","","","","","27629","27629","27629","4.095","","0","","","","","0.000","2","3","","0","0","0","0.000","0","0","0","0","0","0","","","","","","0.050","Tue, 08 Sep 2026 19:54:43 GMT","","","","","1.1","","","","","","https://gympluscoffee.com/cdn/shop/files/GPC_Cross_Body_Black_01.jpg?v=1778673648&width=600","2026-09-14 19:08:08"
"https://gympluscoffee.com/cdn/shop/files/ECOM-BOXY-TANK-PERIWINKLE-BLUE-3b.jpg?v=1777287659&width=48","image/jpeg","200","OK","Indexable","","","0","0","","0","0","","0","","0","","0","","0","","","","","","","","","","2110","2110","2110","0.313","","0","","","","","0.000","2","3","","0","0","0","0.000","0","0","0","0","0","0","","","","","","0.040","Wed, 09 Sep 2026 15:34:01 GMT","","","","","1.1","","","","","","https://gympluscoffee.com/cdn/shop/files/ECOM-BOXY-TANK-PERIWINKLE-BLUE-3b.jpg?v=1777287659&width=48","2026-09-14 19:08:08"
"https://gympluscoffee.com/products/wide-leg-jogger-in-pink-blossom-ss26","text/html; charset=UTF-8","429","Too Many Requests","Non-Indexable","Client Error","","0","0","","0","0","","0","","0","","0","","0","","","","","","","","","","0","0","0","0.000","","0","","","","","0.000","2","1","","4","2","0","5.710","0","0","0","0","0","0","","","","","","0.040","","","","","","1.1","","","","","","https://gympluscoffee.com/products/wide-leg-jogger-in-pink-blossom-ss26","2026-09-14 19:08:08"
"https://gympluscoffee.com/cdn/shop/files/ECOM-RELENTLESS-6_-BIKE-SHORTS-SPRINT-GREEN-7_caa6093d-c12a-4bef-aca4-80d05a925f7c.jpg?v=1774282785&width=48","image/jpeg","200","OK","Indexable","","","0","0","","0","0","","0","","0","","0","","0","","","","","","","","","","2187","2187","2187","0.324","","0","","","","","0.000","2","3","","0","0","0","0.000","0","0","0","0","0","0","","","","","","0.041","Sat, 29 Aug 2026 07:27:58 GMT","","","","","1.1","","","","","","https://gympluscoffee.com/cdn/shop/files/ECOM-RELENTLESS-6_-BIKE-SHORTS-SPRINT-GREEN-7_caa6093d-c12a-4bef-aca4-80d05a925f7c.jpg?v=1774282785&width=48","2026-09-14 19:08:09"
"https://gympluscoffee.com/cdn/shop/files/ECOM-5_-SHORTS-TERRA-ROSE-3_0e136494-2fed-4782-ad4a-1cfc3ad3787a.jpg?v=1784647323&width=48","image/jpeg","200","OK","Indexable","","","0","0","","0","0","","0","","0","","0","","0","","","","","","","","","","2260","2260","2260","0.335","","0","","","","","0.000","2","3","","0","0","0","0.000","0","0","0","0","0","0","","","","","","0.191","Mon, 14 Sep 2026 18:08:09 GMT","","","","","1.1","","","","","","https://gympluscoffee.com/cdn/shop/files/ECOM-5_-SHORTS-TERRA-ROSE-3_0e136494-2fed-4782-ad4a-1cfc3ad3787a.jpg?v=1784647323&width=48","2026-09-14 19:08:08"
"https://gympluscoffee.com/products/relentless-racer-back-vest-in-neon-pink-ss26","text/html; charset=UTF-8","429","Too Many Requests","Non-Indexable","Client Error","","0","0","","0","0","","0","","0","","0","","0","","","","","","","","","","0","0","0","0.000","","0","","","","","0.000","2","1","","6","3","0","8.570","0","0","0","0","0","0","","","","","","0.048","","","","","","1.1","","","","","","https://gympluscoffee.com/products/relentless-racer-back-vest-in-neon-pink-ss26","2026-09-14 19:08:09"
"https://gympluscoffee.com/cdn/shop/files/ECOM-CLUBHOUSE-QUARTER-ZIP-BLACK-7.jpg?v=1742906262&width=48","image/jpeg","200","OK","Indexable","","","0","0","","0","0","","0","","0","","0","","0","","","","","","","","","","2031","2031","2031","0.301","","0","","","","","0.000","2","3","","0","0","0","0.000","0","0","0","0","0","0","","","","","","0.038","Wed, 09 Sep 2026 19:23:43 GMT","","","","","1.1","","","","","","https://gympluscoffee.com/cdn/shop/files/ECOM-CLUBHOUSE-QUARTER-ZIP-BLACK-7.jpg?v=1742906262&width=48","2026-09-14 19:08:09"
"https://gympluscoffee.com/products/relentless-full-zip-in-tidal-blue-ss26","text/html; charset=UTF-8","429","Too Many Requests","Non-Indexable","Client Error","","0","0","","0","0","","0","","0","","0","","0","","","","","","","","","","0","0","0","0.000","","0","","","","","0.000","2","1","","2","1","0","2.860","0","0","0","0","0","0","","","","","","0.041","","","","","","1.1","","","","","","https://gympluscoffee.com/products/relentless-full-zip-in-tidal-blue-ss26","2026-09-14 19:08:09"
"https://gympluscoffee.com/cdn/shop/files/ECOM-KNIT-BOBBLE-BEANIE-VIOLET-SMOKE.png?v=1758021179&width=600","image/png","200","OK","Indexable","","","0","0","","0","0","","0","","0","","0","","0","","","","","","","","","","431998","431998","431998","64.022","","0","","","","","0.000","2","3","","0","0","0","0.000","0","0","0","0","0","0","","","","","","0.179","Mon, 14 Sep 2026 18:08:09 GMT","","","","","1.1","","","","","","https://gympluscoffee.com/cdn/shop/files/ECOM-KNIT-BOBBLE-BEANIE-VIOLET-SMOKE.png?v=1758021179&width=600","2026-09-14 19:08:08"
"https://gympluscoffee.com/cdn/shop/files/ECOM-KNIT-BOBBLE-BEANIE-SUNRISE-PEACH-FLATLAY.png?v=1731581728&width=48","image/png","200","OK","Indexable","","","0","0","","0","0","","0","","0","","0","","0","","","","","","","","","","2955","2955","2955","0.438","","0","","","","","0.000","2","3","","0","0","0","0.000","0","0","0","0","0","0","","","","","","0.438","Mon, 14 Sep 2026 18:08:09 GMT","","","","","1.1","","","","","","https://gympluscoffee.com/cdn/shop/files/ECOM-KNIT-BOBBLE-BEANIE-SUNRISE-PEACH-FLATLAY.png?v=1731581728&width=48","2026-09-14 19:08:08"
"https://gympluscoffee.com/cdn/shop/files/BEANIE_WHITE.jpg?v=1732115236&width=48","image/jpeg","200","OK","Indexable","","","0","0","","0","0","","0","","0","","0","","0","","","","","","","","","","1197","1197","1197","0.177","","0","","","","","0.000","2","3","","0","0","0","0.000","0","0","0","0","0","0","","","","","","0.284","Mon, 14 Sep 2026 18:08:09 GMT","","","","","1.1","","","","","","https://gympluscoffee.com/cdn/shop/files/BEANIE_WHITE.jpg?v=1732115236&width=48","2026-09-14 19:08:08"
"https://gympluscoffee.com/cdn/shop/files/SNAP-COLLAR-PINK-VELVET-UGC-1.jpg?v=1778673096&width=48","image/jpeg","200","OK","Indexable","","","0","0","","0","0","","0","","0","","0","","0","","","","","","","","","","2661","2661","2661","0.394","","0","","","","","0.000","2","3","","0","0","0","0.000","0","0","0","0","0","0","","","","","","0.043","Thu, 06 Aug 2026 08:58:22 GMT","","","","","1.1","","","","","","https://gympluscoffee.com/cdn/shop/files/SNAP-COLLAR-PINK-VELVET-UGC-1.jpg?v=1778673096&width=48","2026-09-14 19:08:09"
"https://gympluscoffee.com/cdn/shop/files/ECOM-CROSSBODY-BAG-MOCHA-BEAN-1.jpg?v=1777302686&width=48","image/jpeg","200","OK","Indexable","","","0","0","","0","0","","0","","0","","0","","0","","","","","","","","","","2185","2185","2185","0.324","","0","","","","","0.000","2","3","","0","0","0","0.000","0","0","0","0","0","0","","","","","","0.045","Fri, 04 Sep 2026 18:22:04 GMT","","","","","1.1","","","","","","https://gympluscoffee.com/cdn/shop/files/ECOM-CROSSBODY-BAG-MOCHA-BEAN-1.jpg?v=1777302686&width=48","2026-09-14 19:08:09"
"https://gympluscoffee.com/cdn/shop/files/ECOM-FLARES-EARTH_01_5defd8c3-be88-451c-b41f-62cfd57499b9.jpg?v=1784647324&width=48","image/jpeg","200","OK","Indexable","","","0","0","","0","0","","0","","0","","0","","0","","","","","","","","","","1879","1879","1879","0.278","","0","","","","","0.000","2","3","","0","0","0","0.000","0","0","0","0","0","0","","","","","","0.050","Thu, 03 Sep 2026 17:21:59 GMT","","","","","1.1","","","","","","https://gympluscoffee.com/cdn/shop/files/ECOM-FLARES-EARTH_01_5defd8c3-be88-451c-b41f-62cfd57499b9.jpg?v=1784647324&width=48","2026-09-14 19:08:09"
"https://gympluscoffee.com/products/snap-polar-fleece-in-pink-velvet-ss26","text/html; charset=UTF-8","429","Too Many Requests","Non-Indexable","Client Error","","0","0","","0","0","","0","","0","","0","","0","","","","","","","","","","0","0","0","0.000","","0","","","","","0.000","2","1","","8","4","0","11.430","0","0","0","0","0","0","","","","","","0.032","","","","","","1.1","","","","","","https://gympluscoffee.com/products/snap-polar-fleece-in-pink-velvet-ss26","2026-09-14 19:08:09"
"https://gympluscoffee.com/cdn/shop/files/ECOM-DAILY-CREW-TERRA-ROSE-1.jpg?v=1783524654&width=600","image/jpeg","200","OK","Indexable","","","0","0","","0","0","","0","","0","","0","","0","","","","","","","","","","24045","24045","24045","3.563","","0","","","","","0.000","2","3","","0","0","0","0.000","0","0","0","0","0","0","","","","","","0.057","Tue, 01 Sep 2026 20:22:16 GMT","","","","","1.1","","","","","","https://gympluscoffee.com/cdn/shop/files/ECOM-DAILY-CREW-TERRA-ROSE-1.jpg?v=1783524654&width=600","2026-09-14 19:08:09"
"https://gympluscoffee.com/cdn/shop/files/KatherineBoyle_190226_GymPlusCoffee_Ecom_SH26_1696.jpg?v=1772540172&width=600","image/jpeg","200","OK","Indexable","","","0","0","","0","0","","0","","0","","0","","0","","","","","","","","","","39100","39100","39100","5.795","","0","","","","","0.000","2","3","","0","0","0","0.000","0","0","0","0","0","0","","","","","","0.062","Thu, 03 Sep 2026 14:37:13 GMT","","","","","1.1","","","","","","https://gympluscoffee.com/cdn/shop/files/KatherineBoyle_190226_GymPlusCoffee_Ecom_SH26_1696.jpg?v=1772540172&width=600","2026-09-14 19:08:09"
"https://gympluscoffee.com/cdn/shop/files/UGC-ECOM-PRINTED-TEE-MOCHA-1.jpg?v=1778676057&width=48","image/jpeg","200","OK","Indexable","","","0","0","","0","0","","0","","0","","0","","0","","","","","","","","","","2699","2699","2699","0.400","","0","","","","","0.000","2","3","","0","0","0","0.000","0","0","0","0","0","0","","","","","","0.038","Mon, 07 Sep 2026 11:03:26 GMT","","","","","1.1","","","","","","https://gympluscoffee.com/cdn/shop/files/UGC-ECOM-PRINTED-TEE-MOCHA-1.jpg?v=1778676057&width=48","2026-09-14 19:08:09"
"https://gympluscoffee.com/cdn/shop/files/ECOM-UGC-BRA-RIPSTOP-SHORTS-POWER-RED-4.jpg?v=1774279301&width=48","image/jpeg","200","OK","Indexable","","","0","0","","0","0","","0","","0","","0","","0","","","","","","","","","","2955","2955","2955","0.438","","0","","","","","0.000","2","3","","0","0","0","0.000","0","0","0","0","0","0","","","","","","0.041","Tue, 01 Sep 2026 18:15:09 GMT","","","","","1.1","","","","","","https://gympluscoffee.com/cdn/shop/files/ECOM-UGC-BRA-RIPSTOP-SHORTS-POWER-RED-4.jpg?v=1774279301&width=48","2026-09-14 19:08:09"
"https://gympluscoffee.com/products/soft-utility-haven-windbreaker-in-pink-blossom-ss26","text/html; charset=UTF-8","429","Too Many Requests","Non-Indexable","Client Error","","0","0","","0","0","","0","","0","","0","","0","","","","","","","","","","0","0","0","0.000","","0","","","","","0.000","2","1","","2","1","0","2.860","0","0","0","0","0","0","","","","","","0.071","","","","","","1.1","","","","","","https://gympluscoffee.com/products/soft-utility-haven-windbreaker-in-pink-blossom-ss26","2026-09-14 19:08:09"
"https://gympluscoffee.com/cdn/shop/files/ECOM-KNIT-BEANIE-AZURE-BLUE.png?v=1758021338&width=600","image/png","200","OK","Indexable","","","0","0","","0","0","","0","","0","","0","","0","","","","","","","","","","356988","356988","356988","52.906","","0","","","","","0.000","2","3","","0","0","0","0.000","0","0","0","0","0","0","","","","","","0.049","Wed, 02 Sep 2026 06:56:26 GMT","","","","","1.1","","","","","","https://gympluscoffee.com/cdn/shop/files/ECOM-KNIT-BEANIE-AZURE-BLUE.png?v=1758021338&width=600","2026-09-14 19:08:09"
"https://gympluscoffee.com/products/knit-bobble-beanie-in-sunrise-peach","text/html; charset=UTF-8","429","Too Many Requests","Non-Indexable","Client Error","","0","0","","0","0","","0","","0","","0","","0","","","","","","","","","","0","0","0","0.000","","0","","","","","0.000","2","1","","4","2","0","5.710","0","0","0","0","0","0","","","","","","0.032","","","","","","1.1","","","","","","https://gympluscoffee.com/products/knit-bobble-beanie-in-sunrise-peach","2026-09-14 19:08:09"
"https://gympluscoffee.com/cdn/shop/files/KatherineBoyle_190226_GymPlusCoffee_Ecom_SH16_1122.jpg?v=1773925409&width=48","image/jpeg","200","OK","Indexable","","","0","0","","0","0","","0","","0","","0","","0","","","","","","","","","","2385","2385","2385","0.353","","0","","","","","0.000","2","3","","0","0","0","0.000","0","0","0","0","0","0","","","","","","0.045","Sun, 13 Sep 2026 07:40:08 GMT","","","","","1.1","","","","","","https://gympluscoffee.com/cdn/shop/files/KatherineBoyle_190226_GymPlusCoffee_Ecom_SH16_1122.jpg?v=1773925409&width=48","2026-09-14 19:08:09"
"https://gympluscoffee.com/cdn/shop/files/ECOM-DAILY-COLLARED-SWEATSHIRT-TERRA-ROSE-5_000446e0-b69e-4b4b-b3eb-64b6221f0214.jpg?v=1771241197&width=600","image/jpeg","200","OK","Indexable","","","0","0","","0","0","","0","","0","","0","","0","","","","","","","","","","48941","48941","48941","7.253","","0","","","","","0.000","2","3","","0","0","0","0.000","0","0","0","0","0","0","","","","","","0.043","Sun, 30 Aug 2026 20:53:26 GMT","","","","","1.1","","","","","","https://gympluscoffee.com/cdn/shop/files/ECOM-DAILY-COLLARED-SWEATSHIRT-TERRA-ROSE-5_000446e0-b69e-4b4b-b3eb-64b6221f0214.jpg?v=1771241197&width=600","2026-09-14 19:08:09"
"https://gympluscoffee.com/products/knit-bobble-beanie-in-azure-blue-aw25","text/html; charset=UTF-8","429","Too Many Requests","Non-Indexable","Client Error","","0","0","","0","0","","0","","0","","0","","0","","","","","","","","","","0","0","0","0.000","","0","","","","","0.000","2","1","","4","2","0","5.710","0","0","0","0","0","0","","","","","","0.060","","","","","","1.1","","","","","","https://gympluscoffee.com/products/knit-bobble-beanie-in-azure-blue-aw25","2026-09-14 19:08:09"
"https://gympluscoffee.com/cdn/shop/files/ECOM-DAILY-CREW-TERRA-ROSE-2_a13fc879-6107-47a3-ba88-22ffbac14036.jpg?v=1786122363&width=600","image/jpeg","200","OK","Indexable","","","0","0","","0","0","","0","","0","","0","","0","","","","","","","","","","82572","82572","82572","12.237","","0","","","","","0.000","2","3","","0","0","0","0.000","0","0","0","0","0","0","","","","","","0.051","Wed, 12 Aug 2026 11:49:33 GMT","","","","","1.1","","","","","","https://gympluscoffee.com/cdn/shop/files/ECOM-DAILY-CREW-TERRA-ROSE-2_a13fc879-6107-47a3-ba88-22ffbac14036.jpg?v=1786122363&width=600","2026-09-14 19:08:09"
"https://gympluscoffee.com/cdn/shop/files/ECOM-KNIT-BEANIE-SANGIRA-SUNSET.png?v=1758021263&width=48","image/png","200","OK","Indexable","","","0","0","","0","0","","0","","0","","0","","0","","","","","","","","","","2605","2605","2605","0.386","","0","","","","","0.000","2","3","","0","0","0","0.000","0","0","0","0","0","0","","","","","","0.043","Mon, 31 Aug 2026 15:04:43 GMT","","","","","1.1","","","","","","https://gympluscoffee.com/cdn/shop/files/ECOM-KNIT-BEANIE-SANGIRA-SUNSET.png?v=1758021263&width=48","2026-09-14 19:08:09"
"https://gympluscoffee.com/cdn/shop/files/ECOM-DAILY-ZIP-HOODIE-TERRA-ROSE-4.jpg?v=1771255489&width=600","image/jpeg","200","OK","Indexable","","","0","0","","0","0","","0","","0","","0","","0","","","","","","","","","","61055","61055","61055","9.048","","0","","","","","0.000","2","3","","0","0","0","0.000","0","0","0","0","0","0","","","","","","0.042","Tue, 01 Sep 2026 18:01:34 GMT","","","","","1.1","","","","","","https://gympluscoffee.com/cdn/shop/files/ECOM-DAILY-ZIP-HOODIE-TERRA-ROSE-4.jpg?v=1771255489&width=600","2026-09-14 19:08:09"
"https://gympluscoffee.com/cdn/shop/files/SNAP-COLLAR-PINK-VELVET-UGC-1.jpg?v=1778673096&width=600","image/jpeg","200","OK","Indexable","","","0","0","","0","0","","0","","0","","0","","0","","","","","","","","","","117159","117159","117159","17.363","","0","","","","","0.000","2","3","","0","0","0","0.000","0","0","0","0","0","0","","","","","","0.042","Fri, 21 Aug 2026 19:16:25 GMT","","","","","1.1","","","","","","https://gympluscoffee.com/cdn/shop/files/SNAP-COLLAR-PINK-VELVET-UGC-1.jpg?v=1778673096&width=600","2026-09-14 19:08:09"
"https://gympluscoffee.com/products/knit-beanie-in-could-white-aw24","text/html; charset=UTF-8","429","Too Many Requests","Non-Indexable","Client Error","","0","0","","0","0","","0","","0","","0","","0","","","","","","","","","","0","0","0","0.000","","0","","","","","0.000","2","1","","4","2","0","5.710","0","0","0","0","0","0","","","","","","0.033","","","","","","1.1","","","","","","https://gympluscoffee.com/products/knit-beanie-in-could-white-aw24","2026-09-14 19:08:09"
"https://gympluscoffee.com/cdn/shop/files/ECOM-KNIT-DEEP-BEANIE-LILAC-FLATLAY.png?v=1731581887&width=48","image/png","200","OK","Indexable","","","0","0","","0","0","","0","","0","","0","","0","","","","","","","","","","2642","2642","2642","0.392","","0","","","","","0.000","2","3","","0","0","0","0.000","0","0","0","0","0","0","","","","","","0.042","Sun, 30 Aug 2026 19:24:22 GMT","","","","","1.1","","","","","","https://gympluscoffee.com/cdn/shop/files/ECOM-KNIT-DEEP-BEANIE-LILAC-FLATLAY.png?v=1731581887&width=48","2026-09-14 19:08:09"
"https://gympluscoffee.com/cdn/shop/files/ECOM-KNIT-DEEP-BEANIE-LILAC-FLATLAY.png?v=1731581887&width=600","image/png","200","OK","Indexable","","","0","0","","0","0","","0","","0","","0","","0","","","","","","","","","","206069","206069","206069","30.539","","0","","","","","0.000","2","3","","0","0","0","0.000","0","0","0","0","0","0","","","","","","0.038","Sat, 12 Sep 2026 14:29:07 GMT","","","","","1.1","","","","","","https://gympluscoffee.com/cdn/shop/files/ECOM-KNIT-DEEP-BEANIE-LILAC-FLATLAY.png?v=1731581887&width=600","2026-09-14 19:08:09"
"https://gympluscoffee.com/cdn/shop/files/ECOM-CROSSBODY-BAG-MOCHA-BEAN-1.jpg?v=1777302686&width=600","image/jpeg","200","OK","Indexable","","","0","0","","0","0","","0","","0","","0","","0","","","","","","","","","","69586","69586","69586","10.313","","0","","","","","0.000","2","3","","0","0","0","0.000","0","0","0","0","0","0","","","","","","0.041","Sun, 06 Sep 2026 08:59:59 GMT","","","","","1.1","","","","","","https://gympluscoffee.com/cdn/shop/files/ECOM-CROSSBODY-BAG-MOCHA-BEAN-1.jpg?v=1777302686&width=600","2026-09-14 19:08:09"
"https://gympluscoffee.com/products/soft-utility-boxy-tank-in-periwinkle-blue-ss26","text/html; charset=UTF-8","429","Too Many Requests","Non-Indexable","Client Error","","0","0","","0","0","","0","","0","","0","","0","","","","","","","","","","0","0","0","0.000","","0","","","","","0.000","2","1","","6","3","0","8.570","0","0","0","0","0","0","","","","","","0.042","","","","","","1.1","","","","","","https://gympluscoffee.com/products/soft-utility-boxy-tank-in-periwinkle-blue-ss26","2026-09-14 19:08:09"
"https://gympluscoffee.com/cdn/shop/files/KatherineBoyle_190226_GymPlusCoffee_Ecom_SH26_1696.jpg?v=1772540172&width=48","image/jpeg","200","OK","Indexable","","","0","0","","0","0","","0","","0","","0","","0","","","","","","","","","","2149","2149","2149","0.318","","0","","","","","0.000","2","3","","0","0","0","0.000","0","0","0","0","0","0","","","","","","0.049","Wed, 09 Sep 2026 19:23:25 GMT","","","","","1.1","","","","","","https://gympluscoffee.com/cdn/shop/files/KatherineBoyle_190226_GymPlusCoffee_Ecom_SH26_1696.jpg?v=1772540172&width=48","2026-09-14 19:08:09"
"https://gympluscoffee.com/cdn/shop/files/ECOM-UGC-BRA-RIPSTOP-SHORTS-POWER-RED-2_efe43733-292d-40ec-a04a-e38e4b9dd34f.jpg?v=1774279301&width=48","image/jpeg","200","OK","Indexable","","","0","0","","0","0","","0","","0","","0","","0","","","","","","","","","","2750","2750","2750","0.408","","0","","","","","0.000","2","3","","0","0","0","0.000","0","0","0","0","0","0","","","","","","0.065","Thu, 03 Sep 2026 07:29:49 GMT","","","","","1.1","","","","","","https://gympluscoffee.com/cdn/shop/files/ECOM-UGC-BRA-RIPSTOP-SHORTS-POWER-RED-2_efe43733-292d-40ec-a04a-e38e4b9dd34f.jpg?v=1774279301&width=48","2026-09-14 19:08:09"
"https://gympluscoffee.com/products/daily-crew-in-terra-rose-ss26","text/html; charset=UTF-8","429","Too Many Requests","Non-Indexable","Client Error","","0","0","","0","0","","0","","0","","0","","0","","","","","","","","","","0","0","0","0.000","","0","","","","","0.000","2","1","","4","2","0","5.710","0","0","0","0","0","0","","","","","","0.037","","","","","","1.1","","","","","","https://gympluscoffee.com/products/daily-crew-in-terra-rose-ss26","2026-09-14 19:08:09"
"https://gympluscoffee.com/cdn/shop/files/GPC_Cross_Body_Maroon_01.jpg?v=1778673832&width=48","image/jpeg","200","OK","Indexable","","","0","0","","0","0","","0","","0","","0","","0","","","","","","","","","","1659","1659","1659","0.246","","0","","","","","0.000","2","3","","0","0","0","0.000","0","0","0","0","0","0","","","","","","0.146","Mon, 14 Sep 2026 18:08:09 GMT","","","","","1.1","","","","","","https://gympluscoffee.com/cdn/shop/files/GPC_Cross_Body_Maroon_01.jpg?v=1778673832&width=48","2026-09-14 19:08:09"
"https://gympluscoffee.com/products/day-kind-5-bike-shorts-in-black-ss25","text/html; charset=UTF-8","429","Too Many Requests","Non-Indexable","Client Error","","0","0","","0","0","","0","","0","","0","","0","","","","","","","","","","0","0","0","0.000","","0","","","","","0.000","2","1","","4","2","0","5.710","0","0","0","0","0","0","","","","","","0.033","","","","","","1.1","","","","","","https://gympluscoffee.com/products/day-kind-5-bike-shorts-in-black-ss25","2026-09-14 19:08:09"
"https://gympluscoffee.com/cdn/shop/files/ECOM-SWIFT-FL-LEGGINGS-SANGRIA-1.jpg?v=1759314095&width=600","image/jpeg","200","OK","Indexable","","","0","0","","0","0","","0","","0","","0","","0","","","","","","","","","","31705","31705","31705","4.699","","0","","","","","0.000","2","3","","0","0","0","0.000","0","0","0","0","0","0","","","","","","0.182","Mon, 14 Sep 2026 18:08:09 GMT","","","","","1.1","","","","","","https://gympluscoffee.com/cdn/shop/files/ECOM-SWIFT-FL-LEGGINGS-SANGRIA-1.jpg?v=1759314095&width=600","2026-09-14 19:08:09"
"https://gympluscoffee.com/cdn/shop/files/ECOM-KNIT-BEANIE-COTTON-CANDY.png?v=1758021274&width=48","image/png","200","OK","Indexable","","","0","0","","0","0","","0","","0","","0","","0","","","","","","","","","","2275","2275","2275","0.337","","0","","","","","0.000","2","3","","0","0","0","0.000","0","0","0","0","0","0","","","","","","0.040","Thu, 03 Sep 2026 07:29:50 GMT","","","","","1.1","","","","","","https://gympluscoffee.com/cdn/shop/files/ECOM-KNIT-BEANIE-COTTON-CANDY.png?v=1758021274&width=48","2026-09-14 19:08:09"
"https://gympluscoffee.com/products/relentless-7-8-legging-in-tidal-blue-ss26","text/html; charset=UTF-8","429","Too Many Requests","Non-Indexable","Client Error","","0","0","","0","0","","0","","0","","0","","0","","","","","","","","","","0","0","0","0.000","","0","","","","","0.000","2","1","","6","3","0","8.570","0","0","0","0","0","0","","","","","","0.035","","","","","","1.1","","","","","","https://gympluscoffee.com/products/relentless-7-8-legging-in-tidal-blue-ss26","2026-09-14 19:08:09"
"https://gympluscoffee.com/cdn/shop/files/ECOM-FLARES-TERRA-ROSE-2.jpg?v=1784647324&width=48","image/jpeg","200","OK","Indexable","","","0","0","","0","0","","0","","0","","0","","0","","","","","","","","","","1942","1942","1942","0.288","","0","","","","","0.000","2","3","","0","0","0","0.000","0","0","0","0","0","0","","","","","","0.061","Tue, 08 Sep 2026 12:12:21 GMT","","","","","1.1","","","","","","https://gympluscoffee.com/cdn/shop/files/ECOM-FLARES-TERRA-ROSE-2.jpg?v=1784647324&width=48","2026-09-14 19:08:09"
"https://gympluscoffee.com/products/snap-polar-fleece-in-periwinkle-blue-ss26","text/html; charset=UTF-8","429","Too Many Requests","Non-Indexable","Client Error","","0","0","","0","0","","0","","0","","0","","0","","","","","","","","","","0","0","0","0.000","","0","","","","","0.000","2","1","","8","4","0","11.430","0","0","0","0","0","0","","","","","","0.049","","","","","","1.1","","","","","","https://gympluscoffee.com/products/snap-polar-fleece-in-periwinkle-blue-ss26","2026-09-14 19:08:09"
"https://gympluscoffee.com/cdn/shop/files/ECOM-SIERRA-HALF-ZIP-COTTON-CANDY-9.jpg?v=1759313975&width=600","image/jpeg","200","OK","Indexable","","","0","0","","0","0","","0","","0","","0","","0","","","","","","","","","","73661","73661","73661","10.917","","0","","","","","0.000","2","3","","0","0","0","0.000","0","0","0","0","0","0","","","","","","0.366","Mon, 14 Sep 2026 18:08:09 GMT","","","","","1.1","","","","","","https://gympluscoffee.com/cdn/shop/files/ECOM-SIERRA-HALF-ZIP-COTTON-CANDY-9.jpg?v=1759313975&width=600","2026-09-14 19:08:09"
"https://gympluscoffee.com/cdn/shop/files/ECOM-KNIT-BOBBLE-BEANIE-AZURE-BLUE_e7ca49da-14e1-4e75-ab2e-d253de70285f.png?v=1758021191&width=48","image/png","200","OK","Indexable","","","0","0","","0","0","","0","","0","","0","","0","","","","","","","","","","3307","3307","3307","0.490","","0","","","","","0.000","2","3","","0","0","0","0.000","0","0","0","0","0","0","","","","","","0.161","Mon, 14 Sep 2026 18:08:09 GMT","","","","","1.1","","","","","","https://gympluscoffee.com/cdn/shop/files/ECOM-KNIT-BOBBLE-BEANIE-AZURE-BLUE_e7ca49da-14e1-4e75-ab2e-d253de70285f.png?v=1758021191&width=48","2026-09-14 19:08:09"
"https://gympluscoffee.com/cdn/shop/files/KatherineBoyle_190226_GymPlusCoffee_Ecom_SH16_1204.jpg?v=1772721485&width=600","image/jpeg","200","OK","Indexable","","","0","0","","0","0","","0","","0","","0","","0","","","","","","","","","","47111","47111","47111","6.982","","0","","","","","0.000","2","3","","0","0","0","0.000","0","0","0","0","0","0","","","","","","0.473","Mon, 14 Sep 2026 18:08:09 GMT","","","","","1.1","","","","","","https://gympluscoffee.com/cdn/shop/files/KatherineBoyle_190226_GymPlusCoffee_Ecom_SH16_1204.jpg?v=1772721485&width=600","2026-09-14 19:08:09"
"https://gympluscoffee.com/products/knit-bobble-beanie-in-white-aw24","text/html; charset=UTF-8","429","Too Many Requests","Non-Indexable","Client Error","","0","0","","0","0","","0","","0","","0","","0","","","","","","","","","","0","0","0","0.000","","0","","","","","0.000","2","1","","2","1","0","2.860","0","0","0","0","0","0","","","","","","0.044","","","","","","1.1","","","","","","https://gympluscoffee.com/products/knit-bobble-beanie-in-white-aw24","2026-09-14 19:08:09"
"https://gympluscoffee.com/cdn/shop/files/LawnJerseyinTwilgihtNavy_01_39b07860-de7c-4b31-a15a-e5f93ff9be89.jpg?v=1781008249&width=48","image/jpeg","200","OK","Indexable","","","0","0","","0","0","","0","","0","","0","","0","","","","","","","","","","1886","1886","1886","0.280","","0","","","","","0.000","2","3","","0","0","0","0.000","0","0","0","0","0","0","","","","","","0.043","Sat, 12 Sep 2026 22:02:18 GMT","","","","","1.1","","","","","","https://gympluscoffee.com/cdn/shop/files/LawnJerseyinTwilgihtNavy_01_39b07860-de7c-4b31-a15a-e5f93ff9be89.jpg?v=1781008249&width=48","2026-09-14 19:08:09"
"https://gympluscoffee.com/products/urban-zip-hoodie-in-terra-rose-ss26","text/html; charset=UTF-8","429","Too Many Requests","Non-Indexable","Client Error","","0","0","","0","0","","0","","0","","0","","0","","","","","","","","","","0","0","0","0.000","","0","","","","","0.000","2","1","","6","3","0","8.570","0","0","0","0","0","0","","","","","","0.055","","","","","","1.1","","","","","","https://gympluscoffee.com/products/urban-zip-hoodie-in-terra-rose-ss26","2026-09-14 19:08:09"
"https://gympluscoffee.com/cdn/shop/files/ECOM-SWIFT-FL-LEGGINGS-OASIS-BLUE-2.png?v=1761903854&width=600","image/png","200","OK","Indexable","","","0","0","","0","0","","0","","0","","0","","0","","","","","","","","","","227058","227058","227058","33.650","","0","","","","","0.000","2","3","","0","0","0","0.000","0","0","0","0","0","0","","","","","","0.162","Mon, 14 Sep 2026 18:08:09 GMT","","","","","1.1","","","","","","https://gympluscoffee.com/cdn/shop/files/ECOM-SWIFT-FL-LEGGINGS-OASIS-BLUE-2.png?v=1761903854&width=600","2026-09-14 19:08:09"
"https://gympluscoffee.com/cdn/shop/files/ECOM-SWIFT-FL-LEGGINGS-OASIS-BLUE-1.png?v=1761903849&width=600","image/png","200","OK","Indexable","","","0","0","","0","0","","0","","0","","0","","0","","","","","","","","","","212742","212742","212742","31.528","","0","","","","","0.000","2","3","","0","0","0","0.000","0","0","0","0","0","0","","","","","","0.047","Thu, 10 Sep 2026 15:53:35 GMT","","","","","1.1","","","","","","https://gympluscoffee.com/cdn/shop/files/ECOM-SWIFT-FL-LEGGINGS-OASIS-BLUE-1.png?v=1761903849&width=600","2026-09-14 19:08:09"
"https://gympluscoffee.com/products/soft-utility-day-kind-tee-in-pink-velvet-ss26","text/html; charset=UTF-8","429","Too Many Requests","Non-Indexable","Client Error","","0","0","","0","0","","0","","0","","0","","0","","","","","","","","","","0","0","0","0.000","","0","","","","","0.000","2","1","","6","3","0","8.570","0","0","0","0","0","0","","","","","","0.053","","","","","","1.1","","","","","","https://gympluscoffee.com/products/soft-utility-day-kind-tee-in-pink-velvet-ss26","2026-09-14 19:08:09"
"https://gympluscoffee.com/products/club-jersey-in-butter-yellow-ss26","text/html; charset=UTF-8","429","Too Many Requests","Non-Indexable","Client Error","","0","0","","0","0","","0","","0","","0","","0","","","","","","","","","","0","0","0","0.000","","0","","","","","0.000","2","1","","6","3","0","8.570","0","0","0","0","0","0","","","","","","0.056","","","","","","1.1","","","","","","https://gympluscoffee.com/products/club-jersey-in-butter-yellow-ss26","2026-09-14 19:08:09"
"https://gympluscoffee.com/cdn/shop/files/ECOM-DAILY-COLLARED-SWEATSHIRT-TERRA-ROSE-5_000446e0-b69e-4b4b-b3eb-64b6221f0214.jpg?v=1771241197&width=48","image/jpeg","200","OK","Indexable","","","0","0","","0","0","","0","","0","","0","","0","","","","","","","","","","1945","1945","1945","0.288","","0","","","","","0.000","2","3","","0","0","0","0.000","0","0","0","0","0","0","","","","","","0.036","Wed, 12 Aug 2026 07:41:52 GMT","","","","","1.1","","","","","","https://gympluscoffee.com/cdn/shop/files/ECOM-DAILY-COLLARED-SWEATSHIRT-TERRA-ROSE-5_000446e0-b69e-4b4b-b3eb-64b6221f0214.jpg?v=1771241197&width=48","2026-09-14 19:08:09"
"https://gympluscoffee.com/cdn/shop/files/BEANIE_BOBBLE_SKY_BLUE.png?v=1732037559&width=600","image/png","200","OK","Indexable","","","0","0","","0","0","","0","","0","","0","","0","","","","","","","","","","363039","363039","363039","53.802","","0","","","","","0.000","2","3","","0","0","0","0.000","0","0","0","0","0","0","","","","","","0.320","Mon, 14 Sep 2026 18:08:10 GMT","","","","","1.1","","","","","","https://gympluscoffee.com/cdn/shop/files/BEANIE_BOBBLE_SKY_BLUE.png?v=1732037559&width=600","2026-09-14 19:08:09"
"https://gympluscoffee.com/cdn/shop/files/ECOM-DAILY-WIDE-LEG-JOGGER-PINK-BLOSSOM-1.jpg?v=1770365090&width=48","image/jpeg","200","OK","Indexable","","","0","0","","0","0","","0","","0","","0","","0","","","","","","","","","","1867","1867","1867","0.277","","0","","","","","0.000","2","3","","0","0","0","0.000","0","0","0","0","0","0","","","","","","0.040","Sun, 30 Aug 2026 11:41:33 GMT","","","","","1.1","","","","","","https://gympluscoffee.com/cdn/shop/files/ECOM-DAILY-WIDE-LEG-JOGGER-PINK-BLOSSOM-1.jpg?v=1770365090&width=48","2026-09-14 19:08:09"
"https://gympluscoffee.com/products/day-kind-5-bike-short-in-terra-rose-ss26","text/html; charset=UTF-8","429","Too Many Requests","Non-Indexable","Client Error","","0","0","","0","0","","0","","0","","0","","0","","","","","","","","","","0","0","0","0.000","","0","","","","","0.000","2","1","","4","2","0","5.710","0","0","0","0","0","0","","","","","","0.033","","","","","","1.1","","","","","","https://gympluscoffee.com/products/day-kind-5-bike-short-in-terra-rose-ss26","2026-09-14 19:08:09"
"https://gympluscoffee.com/products/knit-beanie-in-azure-blue-aw25","text/html; charset=UTF-8","429","Too Many Requests","Non-Indexable","Client Error","","0","0","","0","0","","0","","0","","0","","0","","","","","","","","","","0","0","0","0.000","","0","","","","","0.000","2","1","","4","2","0","5.710","0","0","0","0","0","0","","","","","","0.031","","","","","","1.1","","","","","","https://gympluscoffee.com/products/knit-beanie-in-azure-blue-aw25","2026-09-14 19:08:10"
"https://gympluscoffee.com/cdn/shop/files/UGC-ECOM-JERSEY-TWILIGHT-NAVY-4_2262cff6-99ad-4950-bae5-dc74e0c25c93.jpg?v=1781008245&width=600","image/jpeg","200","OK","Indexable","","","0","0","","0","0","","0","","0","","0","","0","","","","","","","","","","161422","161422","161422","23.923","","0","","","","","0.000","2","3","","0","0","0","0.000","0","0","0","0","0","0","","","","","","0.040","Tue, 18 Aug 2026 10:23:24 GMT","","","","","1.1","","","","","","https://gympluscoffee.com/cdn/shop/files/UGC-ECOM-JERSEY-TWILIGHT-NAVY-4_2262cff6-99ad-4950-bae5-dc74e0c25c93.jpg?v=1781008245&width=600","2026-09-14 19:08:10"
"https://gympluscoffee.com/products/storm-blue-bobble-beanie","text/html; charset=UTF-8","429","Too Many Requests","Non-Indexable","Client Error","","0","0","","0","0","","0","","0","","0","","0","","","","","","","","","","0","0","0","0.000","","0","","","","","0.000","2","1","","2","1","0","2.860","0","0","0","0","0","0","","","","","","0.040","","","","","","1.1","","","","","","https://gympluscoffee.com/products/storm-blue-bobble-beanie","2026-09-14 19:08:10"
"https://gympluscoffee.com/cdn/shop/files/KatherineBoyle_190226_GymPlusCoffee_Ecom_SH19_13082.jpg?v=1772540024&width=600","image/jpeg","200","OK","Indexable","","","0","0","","0","0","","0","","0","","0","","0","","","","","","","","","","36303","36303","36303","5.380","","0","","","","","0.000","2","3","","0","0","0","0.000","0","0","0","0","0","0","","","","","","0.463","Mon, 14 Sep 2026 18:08:10 GMT","","","","","1.1","","","","","","https://gympluscoffee.com/cdn/shop/files/KatherineBoyle_190226_GymPlusCoffee_Ecom_SH19_13082.jpg?v=1772540024&width=600","2026-09-14 19:08:09"
"https://gympluscoffee.com/cdn/shop/files/UGC-ECOM-JERSEY-TWILIGHT-NAVY-4_2262cff6-99ad-4950-bae5-dc74e0c25c93.jpg?v=1781008245&width=48","image/jpeg","200","OK","Indexable","","","0","0","","0","0","","0","","0","","0","","0","","","","","","","","","","2761","2761","2761","0.409","","0","","","","","0.000","2","3","","0","0","0","0.000","0","0","0","0","0","0","","","","","","0.042","Thu, 13 Aug 2026 18:20:52 GMT","","","","","1.1","","","","","","https://gympluscoffee.com/cdn/shop/files/UGC-ECOM-JERSEY-TWILIGHT-NAVY-4_2262cff6-99ad-4950-bae5-dc74e0c25c93.jpg?v=1781008245&width=48","2026-09-14 19:08:10"
"https://gympluscoffee.com/products/day-kind-flares-in-terra-rose-ss26","text/html; charset=UTF-8","429","Too Many Requests","Non-Indexable","Client Error","","0","0","","0","0","","0","","0","","0","","0","","","","","","","","","","0","0","0","0.000","","0","","","","","0.000","2","1","","6","3","0","8.570","0","0","0","0","0","0","","","","","","0.035","","","","","","1.1","","","","","","https://gympluscoffee.com/products/day-kind-flares-in-terra-rose-ss26","2026-09-14 19:08:10"
"https://gympluscoffee.com/cdn/shop/files/UGC-CLUB-JERSEY-BUTTER-YELLOW-5.jpg?v=1782903150&width=600","image/jpeg","200","OK","Indexable","","","0","0","","0","0","","0","","0","","0","","0","","","","","","","","","","117256","117256","117256","17.377","","0","","","","","0.000","2","3","","0","0","0","0.000","0","0","0","0","0","0","","","","","","0.040","Mon, 31 Aug 2026 19:36:44 GMT","","","","","1.1","","","","","","https://gympluscoffee.com/cdn/shop/files/UGC-CLUB-JERSEY-BUTTER-YELLOW-5.jpg?v=1782903150&width=600","2026-09-14 19:08:10"
"https://gympluscoffee.com/cdn/shop/files/ECOM-RELENTLESS-6_-BIKE-SHORTS-SPRINT-GREEN-4.jpg?v=1774282785&width=600","image/jpeg","200","OK","Indexable","","","0","0","","0","0","","0","","0","","0","","0","","","","","","","","","","52994","52994","52994","7.854","","0","","","","","0.000","2","3","","0","0","0","0.000","0","0","0","0","0","0","","","","","","0.049","Sun, 06 Sep 2026 08:59:59 GMT","","","","","1.1","","","","","","https://gympluscoffee.com/cdn/shop/files/ECOM-RELENTLESS-6_-BIKE-SHORTS-SPRINT-GREEN-4.jpg?v=1774282785&width=600","2026-09-14 19:08:10"
"https://gympluscoffee.com/cdn/shop/files/ECOM-BOXY-TANK-PERIWINKLE-BLUE-4b.jpg?v=1777287663&width=48","image/jpeg","200","OK","Indexable","","","0","0","","0","0","","0","","0","","0","","0","","","","","","","","","","2353","2353","2353","0.349","","0","","","","","0.000","2","3","","0","0","0","0.000","0","0","0","0","0","0","","","","","","0.165","Mon, 14 Sep 2026 18:08:10 GMT","","","","","1.1","","","","","","https://gympluscoffee.com/cdn/shop/files/ECOM-BOXY-TANK-PERIWINKLE-BLUE-4b.jpg?v=1777287663&width=48","2026-09-14 19:08:10"
"https://gympluscoffee.com/cdn/shop/files/ECOM-KNIT-BOBBLE-BEANIE-AZURE-BLUE_e7ca49da-14e1-4e75-ab2e-d253de70285f.png?v=1758021191&width=600","image/png","200","OK","Indexable","","","0","0","","0","0","","0","","0","","0","","0","","","","","","","","","","431670","431670","431670","63.973","","0","","","","","0.000","2","3","","0","0","0","0.000","0","0","0","0","0","0","","","","","","0.488","Mon, 14 Sep 2026 18:08:10 GMT","","","","","1.1","","","","","","https://gympluscoffee.com/cdn/shop/files/ECOM-KNIT-BOBBLE-BEANIE-AZURE-BLUE_e7ca49da-14e1-4e75-ab2e-d253de70285f.png?v=1758021191&width=600","2026-09-14 19:08:09"
"https://gympluscoffee.com/cdn/shop/files/ECOM-5_-SHORTS-TERRA-ROSE-4_827b3a72-31d8-47cc-a1c4-7aa33d337f29.jpg?v=1784647324&width=600","image/jpeg","200","OK","Indexable","","","0","0","","0","0","","0","","0","","0","","0","","","","","","","","","","30357","30357","30357","4.499","","0","","","","","0.000","2","3","","0","0","0","0.000","0","0","0","0","0","0","","","","","","0.381","Mon, 14 Sep 2026 18:08:10 GMT","","","","","1.1","","","","","","https://gympluscoffee.com/cdn/shop/files/ECOM-5_-SHORTS-TERRA-ROSE-4_827b3a72-31d8-47cc-a1c4-7aa33d337f29.jpg?v=1784647324&width=600","2026-09-14 19:08:10"
"https://gympluscoffee.com/cdn/shop/files/ECOM-SIERRA-HALF-ZIP-COTTON-CANDY-9.jpg?v=1759313975&width=48","image/jpeg","200","OK","Indexable","","","0","0","","0","0","","0","","0","","0","","0","","","","","","","","","","2160","2160","2160","0.320","","0","","","","","0.000","2","3","","0","0","0","0.000","0","0","0","0","0","0","","","","","","0.331","Mon, 14 Sep 2026 18:08:10 GMT","","","","","1.1","","","","","","https://gympluscoffee.com/cdn/shop/files/ECOM-SIERRA-HALF-ZIP-COTTON-CANDY-9.jpg?v=1759313975&width=48","2026-09-14 19:08:10"
"https://gympluscoffee.com/products/knit-beanie-in-cotton-candy-aw25","text/html; charset=UTF-8","429","Too Many Requests","Non-Indexable","Client Error","","0","0","","0","0","","0","","0","","0","","0","","","","","","","","","","0","0","0","0.000","","0","","","","","0.000","2","1","","2","1","0","2.860","0","0","0","0","0","0","","","","","","0.036","","","","","","1.1","","","","","","https://gympluscoffee.com/products/knit-beanie-in-cotton-candy-aw25","2026-09-14 19:08:10"
"https://gympluscoffee.com/cdn/shop/files/ECOM-DAILY-WIDE-LEG-JOGGER-PINK-BLOSSOM-1.jpg?v=1770365090&width=600","image/jpeg","200","OK","Indexable","","","0","0","","0","0","","0","","0","","0","","0","","","","","","","","","","41355","41355","41355","6.129","","0","","","","","0.000","2","3","","0","0","0","0.000","0","0","0","0","0","0","","","","","","0.037","Thu, 20 Aug 2026 14:50:15 GMT","","","","","1.1","","","","","","https://gympluscoffee.com/cdn/shop/files/ECOM-DAILY-WIDE-LEG-JOGGER-PINK-BLOSSOM-1.jpg?v=1770365090&width=600","2026-09-14 19:08:10"
"https://gympluscoffee.com/cdn/shop/files/ECOM-OVERSIZED-PRINT-TEE-MOCHA-BEAN-3.jpg?v=1777298919&width=600","image/jpeg","200","OK","Indexable","","","0","0","","0","0","","0","","0","","0","","0","","","","","","","","","","67731","67731","67731","10.038","","0","","","","","0.000","2","3","","0","0","0","0.000","0","0","0","0","0","0","","","","","","0.182","Mon, 14 Sep 2026 18:08:10 GMT","","","","","1.1","","","","","","https://gympluscoffee.com/cdn/shop/files/ECOM-OVERSIZED-PRINT-TEE-MOCHA-BEAN-3.jpg?v=1777298919&width=600","2026-09-14 19:08:10"
"https://gympluscoffee.com/products/knit-beanie-in-bright-pink","text/html; charset=UTF-8","429","Too Many Requests","Non-Indexable","Client Error","","0","0","","0","0","","0","","0","","0","","0","","","","","","","","","","0","0","0","0.000","","0","","","","","0.000","2","1","","2","1","0","2.860","0","0","0","0","0","0","","","","","","0.032","","","","","","1.1","","","","","","https://gympluscoffee.com/products/knit-beanie-in-bright-pink","2026-09-14 19:08:10"
"https://gympluscoffee.com/products/relentless-racer-back-vest-in-tidal-blue-ss26","text/html; charset=UTF-8","429","Too Many Requests","Non-Indexable","Client Error","","0","0","","0","0","","0","","0","","0","","0","","","","","","","","","","0","0","0","0.000","","0","","","","","0.000","2","1","","4","2","0","5.710","0","0","0","0","0","0","","","","","","0.040","","","","","","1.1","","","","","","https://gympluscoffee.com/products/relentless-racer-back-vest-in-tidal-blue-ss26","2026-09-14 19:08:10"
"https://gympluscoffee.com/products/urban-tank-in-lemon-sorbet-ss26","text/html; charset=UTF-8","429","Too Many Requests","Non-Indexable","Client Error","","0","0","","0","0","","0","","0","","0","","0","","","","","","","","","","0","0","0","0.000","","0","","","","","0.000","2","1","","6","3","0","8.570","0","0","0","0","0","0","","","","","","0.061","","","","","","1.1","","","","","","https://gympluscoffee.com/products/urban-tank-in-lemon-sorbet-ss26","2026-09-14 19:08:10"
"https://gympluscoffee.com/cdn/shop/files/ECOM-5_-SHORTS-TERRA-ROSE-4_827b3a72-31d8-47cc-a1c4-7aa33d337f29.jpg?v=1784647324&width=48","image/jpeg","200","OK","Indexable","","","0","0","","0","0","","0","","0","","0","","0","","","","","","","","","","1921","1921","1921","0.285","","0","","","","","0.000","2","3","","0","0","0","0.000","0","0","0","0","0","0","","","","","","0.185","Mon, 14 Sep 2026 18:08:10 GMT","","","","","1.1","","","","","","https://gympluscoffee.com/cdn/shop/files/ECOM-5_-SHORTS-TERRA-ROSE-4_827b3a72-31d8-47cc-a1c4-7aa33d337f29.jpg?v=1784647324&width=48","2026-09-14 19:08:10"
"https://gympluscoffee.com/products/sierra-half-zip-in-cotton-candy-aw25","text/html; charset=UTF-8","429","Too Many Requests","Non-Indexable","Client Error","","0","0","","0","0","","0","","0","","0","","0","","","","","","","","","","0","0","0","0.000","","0","","","","","0.000","2","1","","6","3","0","8.570","0","0","0","0","0","0","","","","","","0.033","","","","","","1.1","","","","","","https://gympluscoffee.com/products/sierra-half-zip-in-cotton-candy-aw25","2026-09-14 19:08:10"
"https://gympluscoffee.com/products/knit-bobble-beanie-in-violet-smoke-aw25","text/html; charset=UTF-8","429","Too Many Requests","Non-Indexable","Client Error","","0","0","","0","0","","0","","0","","0","","0","","","","","","","","","","0","0","0","0.000","","0","","","","","0.000","2","1","","2","1","0","2.860","0","0","0","0","0","0","","","","","","0.039","","","","","","1.1","","","","","","https://gympluscoffee.com/products/knit-bobble-beanie-in-violet-smoke-aw25","2026-09-14 19:08:10"
"https://gympluscoffee.com/cdn/shop/files/BEANIE_BOBBLE_SKY_BLUE.png?v=1732037559&width=48","image/png","200","OK","Indexable","","","0","0","","0","0","","0","","0","","0","","0","","","","","","","","","","2685","2685","2685","0.398","","0","","","","","0.000","2","3","","0","0","0","0.000","0","0","0","0","0","0","","","","","","0.190","Mon, 14 Sep 2026 18:08:10 GMT","","","","","1.1","","","","","","https://gympluscoffee.com/cdn/shop/files/BEANIE_BOBBLE_SKY_BLUE.png?v=1732037559&width=48","2026-09-14 19:08:10"
"https://gympluscoffee.com/products/soft-utility-oversized-tee-in-ecru-ss26","text/html; charset=UTF-8","429","Too Many Requests","Non-Indexable","Client Error","","0","0","","0","0","","0","","0","","0","","0","","","","","","","","","","0","0","0","0.000","","0","","","","","0.000","2","1","","6","3","0","8.570","0","0","0","0","0","0","","","","","","0.048","","","","","","1.1","","","","","","https://gympluscoffee.com/products/soft-utility-oversized-tee-in-ecru-ss26","2026-09-14 19:08:10"
"https://gympluscoffee.com/cdn/shop/files/KatherineBoyle_190226_GymPlusCoffee_Ecom_SH19_13121.jpg?v=1772540033&width=48","image/jpeg","200","OK","Indexable","","","0","0","","0","0","","0","","0","","0","","0","","","","","","","","","","2075","2075","2075","0.308","","0","","","","","0.000","2","3","","0","0","0","0.000","0","0","0","0","0","0","","","","","","0.059","Mon, 14 Sep 2026 18:08:10 GMT","","","","","1.1","","","","","","https://gympluscoffee.com/cdn/shop/files/KatherineBoyle_190226_GymPlusCoffee_Ecom_SH19_13121.jpg?v=1772540033&width=48","2026-09-14 19:08:10"
"https://gympluscoffee.com/cdn/shop/files/ECOM-RELAXED-HOODIES-UGC-1.jpg?v=1780997302&width=600","image/jpeg","200","OK","Indexable","","","0","0","","0","0","","0","","0","","0","","0","","","","","","","","","","111211","111211","111211","16.481","","0","","","","","0.000","2","3","","0","0","0","0.000","0","0","0","0","0","0","","","","","","0.065","Thu, 20 Aug 2026 06:45:14 GMT","","","","","1.1","","","","","","https://gympluscoffee.com/cdn/shop/files/ECOM-RELAXED-HOODIES-UGC-1.jpg?v=1780997302&width=600","2026-09-14 19:08:10"
"https://gympluscoffee.com/cdn/shop/files/ECOM-DAILY-ZIP-HOODIE-TERRA-ROSE-4.jpg?v=1771255489&width=48","image/jpeg","200","OK","Indexable","","","0","0","","0","0","","0","","0","","0","","0","","","","","","","","","","2226","2226","2226","0.330","","0","","","","","0.000","2","3","","0","0","0","0.000","0","0","0","0","0","0","","","","","","0.148","Mon, 14 Sep 2026 18:08:10 GMT","","","","","1.1","","","","","","https://gympluscoffee.com/cdn/shop/files/ECOM-DAILY-ZIP-HOODIE-TERRA-ROSE-4.jpg?v=1771255489&width=48","2026-09-14 19:08:10"
"https://gympluscoffee.com/products/knit-beanie-in-deep-lilac","text/html; charset=UTF-8","429","Too Many Requests","Non-Indexable","Client Error","","0","0","","0","0","","0","","0","","0","","0","","","","","","","","","","0","0","0","0.000","","0","","","","","0.000","2","1","","4","2","0","5.710","0","0","0","0","0","0","","","","","","0.037","","","","","","1.1","","","","","","https://gympluscoffee.com/products/knit-beanie-in-deep-lilac","2026-09-14 19:08:10"
"https://gympluscoffee.com/cdn/shop/files/ECOM-5_-BIKE-SHORTS-BLACK-4.jpg?v=1784647323&width=48","image/jpeg","200","OK","Indexable","","","0","0","","0","0","","0","","0","","0","","0","","","","","","","","","","1845","1845","1845","0.273","","0","","","","","0.000","2","3","","0","0","0","0.000","0","0","0","0","0","0","","","","","","0.062","Thu, 06 Aug 2026 08:58:22 GMT","","","","","1.1","","","","","","https://gympluscoffee.com/cdn/shop/files/ECOM-5_-BIKE-SHORTS-BLACK-4.jpg?v=1784647323&width=48","2026-09-14 19:08:10"
"https://gympluscoffee.com/products/urban-collared-sweatshirt-in-terra-rose-ss26","text/html; charset=UTF-8","429","Too Many Requests","Non-Indexable","Client Error","","0","0","","0","0","","0","","0","","0","","0","","","","","","","","","","0","0","0","0.000","","0","","","","","0.000","2","1","","5","3","0","8.570","0","0","0","0","0","0","","","","","","0.040","","","","","","1.1","","","","","","https://gympluscoffee.com/products/urban-collared-sweatshirt-in-terra-rose-ss26","2026-09-14 19:08:10"
"https://gympluscoffee.com/cdn/shop/files/ECOM-SNAP-POLAR-FLEECE-PINK-VELVET-6.jpg?v=1779198719&width=48","image/jpeg","200","OK","Indexable","","","0","0","","0","0","","0","","0","","0","","0","","","","","","","","","","2018","2018","2018","0.299","","0","","","","","0.000","2","3","","0","0","0","0.000","0","0","0","0","0","0","","","","","","0.049","Tue, 01 Sep 2026 23:13:15 GMT","","","","","1.1","","","","","","https://gympluscoffee.com/cdn/shop/files/ECOM-SNAP-POLAR-FLEECE-PINK-VELVET-6.jpg?v=1779198719&width=48","2026-09-14 19:08:10"
"https://gympluscoffee.com/cdn/shop/files/ECOM-CAMPAIGN-CLUBHOUSE-WIDE-LEG-JOGGERS-BLACK-1.png?v=1742906262&width=600","image/png","200","OK","Indexable","","","0","0","","0","0","","0","","0","","0","","0","","","","","","","","","","734409","734409","734409","108.839","","0","","","","","0.000","2","3","","0","0","0","0.000","0","0","0","0","0","0","","","","","","0.044","Fri, 11 Sep 2026 19:51:10 GMT","","","","","1.1","","","","","","https://gympluscoffee.com/cdn/shop/files/ECOM-CAMPAIGN-CLUBHOUSE-WIDE-LEG-JOGGERS-BLACK-1.png?v=1742906262&width=600","2026-09-14 19:08:10"
"https://gympluscoffee.com/products/soft-utility-oversized-tee-in-mocha-bean-ss26","text/html; charset=UTF-8","429","Too Many Requests","Non-Indexable","Client Error","","0","0","","0","0","","0","","0","","0","","0","","","","","","","","","","0","0","0","0.000","","0","","","","","0.000","2","1","","6","3","0","8.570","0","0","0","0","0","0","","","","","","0.030","","","","","","1.1","","","","","","https://gympluscoffee.com/products/soft-utility-oversized-tee-in-mocha-bean-ss26","2026-09-14 19:08:10"
"https://gympluscoffee.com/products/ripstop-shorts-in-sprint-green-ss26","text/html; charset=UTF-8","429","Too Many Requests","Non-Indexable","Client Error","","0","0","","0","0","","0","","0","","0","","0","","","","","","","","","","0","0","0","0.000","","0","","","","","0.000","2","1","","4","2","0","5.710","0","0","0","0","0","0","","","","","","0.058","","","","","","1.1","","","","","","https://gympluscoffee.com/products/ripstop-shorts-in-sprint-green-ss26","2026-09-14 19:08:10"
"https://gympluscoffee.com/cdn/shop/files/ECOM-OVERSIZED-PRINT-TEE-MOCHA-BEAN-3.jpg?v=1777298919&width=48","image/jpeg","200","OK","Indexable","","","0","0","","0","0","","0","","0","","0","","0","","","","","","","","","","2032","2032","2032","0.301","","0","","","","","0.000","2","3","","0","0","0","0.000","0","0","0","0","0","0","","","","","","0.050","Thu, 10 Sep 2026 05:36:24 GMT","","","","","1.1","","","","","","https://gympluscoffee.com/cdn/shop/files/ECOM-OVERSIZED-PRINT-TEE-MOCHA-BEAN-3.jpg?v=1777298919&width=48","2026-09-14 19:08:10"
"https://gympluscoffee.com/cdn/shop/files/KatherineBoyle_190226_GymPlusCoffee_Ecom_SH16_1204.jpg?v=1772721485&width=48","image/jpeg","200","OK","Indexable","","","0","0","","0","0","","0","","0","","0","","0","","","","","","","","","","2328","2328","2328","0.345","","0","","","","","0.000","2","3","","0","0","0","0.000","0","0","0","0","0","0","","","","","","0.049","Wed, 02 Sep 2026 07:22:20 GMT","","","","","1.1","","","","","","https://gympluscoffee.com/cdn/shop/files/KatherineBoyle_190226_GymPlusCoffee_Ecom_SH16_1204.jpg?v=1772721485&width=48","2026-09-14 19:08:10"
"https://gympluscoffee.com/products/haven-hoodie-in-pink-blossom-ss26","text/html; charset=UTF-8","429","Too Many Requests","Non-Indexable","Client Error","","0","0","","0","0","","0","","0","","0","","0","","","","","","","","","","0","0","0","0.000","","0","","","","","0.000","2","1","","6","3","0","8.570","0","0","0","0","0","0","","","","","","0.037","","","","","","1.1","","","","","","https://gympluscoffee.com/products/haven-hoodie-in-pink-blossom-ss26","2026-09-14 19:08:10"
"https://gympluscoffee.com/cdn/shop/files/ECOM-DAILY-COLLARED-SWEATSHIRT-EARTH_010.jpg?v=1771254698&width=48","image/jpeg","200","OK","Indexable","","","0","0","","0","0","","0","","0","","0","","0","","","","","","","","","","1832","1832","1832","0.272","","0","","","","","0.000","2","3","","0","0","0","0.000","0","0","0","0","0","0","","","","","","0.037","Mon, 24 Aug 2026 19:16:02 GMT","","","","","1.1","","","","","","https://gympluscoffee.com/cdn/shop/files/ECOM-DAILY-COLLARED-SWEATSHIRT-EARTH_010.jpg?v=1771254698&width=48","2026-09-14 19:08:10"
"https://gympluscoffee.com/cdn/shop/files/ECOM-SNAP-COLLAR-SWEATSHIRT-PINK-VELVET-1.jpg?v=1776769992&width=48","image/jpeg","200","OK","Indexable","","","0","0","","0","0","","0","","0","","0","","0","","","","","","","","","","1944","1944","1944","0.288","","0","","","","","0.000","2","3","","0","0","0","0.000","0","0","0","0","0","0","","","","","","0.045","Tue, 25 Aug 2026 12:53:27 GMT","","","","","1.1","","","","","","https://gympluscoffee.com/cdn/shop/files/ECOM-SNAP-COLLAR-SWEATSHIRT-PINK-VELVET-1.jpg?v=1776769992&width=48","2026-09-14 19:08:10"
"https://gympluscoffee.com/products/swift-7-8-legging-in-oasis-blue","text/html; charset=UTF-8","429","Too Many Requests","Non-Indexable","Client Error","","0","0","","0","0","","0","","0","","0","","0","","","","","","","","","","0","0","0","0.000","","0","","","","","0.000","2","1","","6","3","0","8.570","0","0","0","0","0","0","","","","","","0.033","","","","","","1.1","","","","","","https://gympluscoffee.com/products/swift-7-8-legging-in-oasis-blue","2026-09-14 19:08:10"
"https://gympluscoffee.com/cdn/shop/files/ECOM-KNIT-BEANIE-BRIGHT-PINK-FLATLAY.png?v=1731581850&width=48","image/png","200","OK","Indexable","","","0","0","","0","0","","0","","0","","0","","0","","","","","","","","","","2732","2732","2732","0.405","","0","","","","","0.000","2","3","","0","0","0","0.000","0","0","0","0","0","0","","","","","","0.082","Wed, 02 Sep 2026 19:46:58 GMT","","","","","1.1","","","","","","https://gympluscoffee.com/cdn/shop/files/ECOM-KNIT-BEANIE-BRIGHT-PINK-FLATLAY.png?v=1731581850&width=48","2026-09-14 19:08:10"
"https://gympluscoffee.com/cdn/shop/files/ECOM-KNIT-BOBBLE-BEANIE-VIOLET-SMOKE.png?v=1758021179&width=48","image/png","200","OK","Indexable","","","0","0","","0","0","","0","","0","","0","","0","","","","","","","","","","3202","3202","3202","0.475","","0","","","","","0.000","2","3","","0","0","0","0.000","0","0","0","0","0","0","","","","","","0.062","Mon, 24 Aug 2026 19:16:02 GMT","","","","","1.1","","","","","","https://gympluscoffee.com/cdn/shop/files/ECOM-KNIT-BOBBLE-BEANIE-VIOLET-SMOKE.png?v=1758021179&width=48","2026-09-14 19:08:10"
"https://gympluscoffee.com/cdn/shop/files/ECOM-KNIT-BEANIE-BRIGHT-PINK-FLATLAY.png?v=1731581850&width=600","image/png","200","OK","Indexable","","","0","0","","0","0","","0","","0","","0","","0","","","","","","","","","","204490","204490","204490","30.305","","0","","","","","0.000","2","3","","0","0","0","0.000","0","0","0","0","0","0","","","","","","0.469","Mon, 14 Sep 2026 18:08:11 GMT","","","","","1.1","","","","","","https://gympluscoffee.com/cdn/shop/files/ECOM-KNIT-BEANIE-BRIGHT-PINK-FLATLAY.png?v=1731581850&width=600","2026-09-14 19:08:10"
"https://gympluscoffee.com/products/roam-crossbody-bag-in-black","text/html; charset=UTF-8","429","Too Many Requests","Non-Indexable","Client Error","","0","0","","0","0","","0","","0","","0","","0","","","","","","","","","","0","0","0","0.000","","0","","","","","0.000","2","1","","6","3","0","8.570","0","0","0","0","0","0","","","","","","0.043","","","","","","1.1","","","","","","https://gympluscoffee.com/products/roam-crossbody-bag-in-black","2026-09-14 19:08:10"
"https://gympluscoffee.com/cdn/shop/files/ECOM-GPC-SPEED-RIPSTOP-SHORTS-SPRINT-GREEN-5_34ffaf8b-df8e-4d55-ac93-13eb3f01fff6.jpg?v=1773268147&width=48","image/jpeg","200","OK","Indexable","","","0","0","","0","0","","0","","0","","0","","0","","","","","","","","","","2395","2395","2395","0.355","","0","","","","","0.000","2","3","","0","0","0","0.000","0","0","0","0","0","0","","","","","","0.314","Mon, 14 Sep 2026 18:08:11 GMT","","","","","1.1","","","","","","https://gympluscoffee.com/cdn/shop/files/ECOM-GPC-SPEED-RIPSTOP-SHORTS-SPRINT-GREEN-5_34ffaf8b-df8e-4d55-ac93-13eb3f01fff6.jpg?v=1773268147&width=48","2026-09-14 19:08:10"
"https://gympluscoffee.com/cdn/shop/files/ECOM-SIERRA-HALF-ZIP-COTTON-CANDY-3.jpg?v=1759313970&width=48","image/jpeg","200","OK","Indexable","","","0","0","","0","0","","0","","0","","0","","0","","","","","","","","","","2066","2066","2066","0.306","","0","","","","","0.000","2","3","","0","0","0","0.000","0","0","0","0","0","0","","","","","","0.049","Fri, 28 Aug 2026 12:45:17 GMT","","","","","1.1","","","","","","https://gympluscoffee.com/cdn/shop/files/ECOM-SIERRA-HALF-ZIP-COTTON-CANDY-3.jpg?v=1759313970&width=48","2026-09-14 19:08:10"
"https://gympluscoffee.com/cdn/shop/files/ECOM-GPC-SPEED-RIPSTOP-SHORTS-SPRINT-GREEN-9.jpg?v=1773268142&width=48","image/jpeg","200","OK","Indexable","","","0","0","","0","0","","0","","0","","0","","0","","","","","","","","","","2139","2139","2139","0.317","","0","","","","","0.000","2","3","","0","0","0","0.000","0","0","0","0","0","0","","","","","","0.038","Thu, 13 Aug 2026 18:40:54 GMT","","","","","1.1","","","","","","https://gympluscoffee.com/cdn/shop/files/ECOM-GPC-SPEED-RIPSTOP-SHORTS-SPRINT-GREEN-9.jpg?v=1773268142&width=48","2026-09-14 19:08:10"
"https://gympluscoffee.com/cdn/shop/files/BEANIE_WHITE_BOBBLEjpg.jpg?v=1732115344&width=48","image/jpeg","200","OK","Indexable","","","0","0","","0","0","","0","","0","","0","","0","","","","","","","","","","1214","1214","1214","0.180","","0","","","","","0.000","2","3","","0","0","0","0.000","0","0","0","0","0","0","","","","","","0.035","Mon, 24 Aug 2026 19:16:02 GMT","","","","","1.1","","","","","","https://gympluscoffee.com/cdn/shop/files/BEANIE_WHITE_BOBBLEjpg.jpg?v=1732115344&width=48","2026-09-14 19:08:10"
"https://gympluscoffee.com/cdn/shop/files/ECOM-DAILY-CREW-TERRA-ROSE-2_a13fc879-6107-47a3-ba88-22ffbac14036.jpg?v=1786122363&width=48","image/jpeg","200","OK","Indexable","","","0","0","","0","0","","0","","0","","0","","0","","","","","","","","","","2239","2239","2239","0.332","","0","","","","","0.000","2","3","","0","0","0","0.000","0","0","0","0","0","0","","","","","","0.044","Fri, 07 Aug 2026 21:22:34 GMT","","","","","1.1","","","","","","https://gympluscoffee.com/cdn/shop/files/ECOM-DAILY-CREW-TERRA-ROSE-2_a13fc879-6107-47a3-ba88-22ffbac14036.jpg?v=1786122363&width=48","2026-09-14 19:08:10"
"https://gympluscoffee.com/cdn/shop/files/ECOM-GPC-SPEED-RIPSTOP-SHORTS-SPRINT-GREEN-9.jpg?v=1773268142&width=600","image/jpeg","200","OK","Indexable","","","0","0","","0","0","","0","","0","","0","","0","","","","","","","","","","41304","41304","41304","6.121","","0","","","","","0.000","2","3","","0","0","0","0.000","0","0","0","0","0","0","","","","","","0.046","Sat, 29 Aug 2026 16:44:30 GMT","","","","","1.1","","","","","","https://gympluscoffee.com/cdn/shop/files/ECOM-GPC-SPEED-RIPSTOP-SHORTS-SPRINT-GREEN-9.jpg?v=1773268142&width=600","2026-09-14 19:08:10"
"https://gympluscoffee.com/products/roam-crossbody-bag-in-mocha-bean","text/html; charset=UTF-8","429","Too Many Requests","Non-Indexable","Client Error","","0","0","","0","0","","0","","0","","0","","0","","","","","","","","","","0","0","0","0.000","","0","","","","","0.000","2","1","","6","3","0","8.570","0","0","0","0","0","0","","","","","","0.042","","","","","","1.1","","","","","","https://gympluscoffee.com/products/roam-crossbody-bag-in-mocha-bean","2026-09-14 19:08:11"
"https://gympluscoffee.com/cdn/shop/files/ECOM-BOXY-TANK-PERIWINKLE-BLUE-3b.jpg?v=1777287659&width=600","image/jpeg","200","OK","Indexable","","","0","0","","0","0","","0","","0","","0","","0","","","","","","","","","","66089","66089","66089","9.794","","0","","","","","0.000","2","3","","0","0","0","0.000","0","0","0","0","0","0","","","","","","0.042","Tue, 18 Aug 2026 12:49:47 GMT","","","","","1.1","","","","","","https://gympluscoffee.com/cdn/shop/files/ECOM-BOXY-TANK-PERIWINKLE-BLUE-3b.jpg?v=1777287659&width=600","2026-09-14 19:08:11"
"https://gympluscoffee.com/cdn/shop/files/storm-blue-bobble-beanie-beanies-gym-coffee.jpg?v=1731601303&width=48","image/jpeg","200","OK","Indexable","","","0","0","","0","0","","0","","0","","0","","0","","","","","","","","","","1769","1769","1769","0.262","","0","","","","","0.000","2","3","","0","0","0","0.000","0","0","0","0","0","0","","","","","","0.386","Mon, 14 Sep 2026 18:08:11 GMT","","","","","1.1","","","","","","https://gympluscoffee.com/cdn/shop/files/storm-blue-bobble-beanie-beanies-gym-coffee.jpg?v=1731601303&width=48","2026-09-14 19:08:10"
"https://gympluscoffee.com/cdn/shop/files/ECOM-KNIT-HALF-ZIP-GRAPE-NOIR-7.jpg?v=1786121898&width=800","image/jpeg","200","OK","Indexable","","","0","0","","0","0","","0","","0","","0","","0","","","","","","","","","","169892","169892","169892","25.178","","0","","","","","0.000","2","3","","0","0","0","0.000","0","0","0","0","0","0","","","","","","0.046","Wed, 02 Sep 2026 07:26:57 GMT","","","","","1.1","","","","","","https://gympluscoffee.com/cdn/shop/files/ECOM-KNIT-HALF-ZIP-GRAPE-NOIR-7.jpg?v=1786121898&width=800","2026-09-14 19:08:11"
"https://gympluscoffee.com/cdn/shop/files/ECOM-FLATLAY-KNIT-HALF-ZIP-FIG-1.jpg?v=1787652744&width=800","image/jpeg","200","OK","Indexable","","","0","0","","0","0","","0","","0","","0","","0","","","","","","","","","","41130","41130","41130","6.095","","0","","","","","0.000","2","3","","0","0","0","0.000","0","0","0","0","0","0","","","","","","0.048","Tue, 01 Sep 2026 19:04:31 GMT","","","","","1.1","","","","","","https://gympluscoffee.com/cdn/shop/files/ECOM-FLATLAY-KNIT-HALF-ZIP-FIG-1.jpg?v=1787652744&width=800","2026-09-14 19:08:11"
"https://gympluscoffee.com/cdn/shop/files/ECOM-KNIT-HALF-ZIP-GRAPE-NOIR-5.jpg?v=1786121898&width=800","image/jpeg","200","OK","Indexable","","","0","0","","0","0","","0","","0","","0","","0","","","","","","","","","","277830","277830","277830","41.174","","0","","","","","0.000","2","3","","0","0","0","0.000","0","0","0","0","0","0","","","","","","0.497","Mon, 14 Sep 2026 18:08:11 GMT","","","","","1.1","","","","","","https://gympluscoffee.com/cdn/shop/files/ECOM-KNIT-HALF-ZIP-GRAPE-NOIR-5.jpg?v=1786121898&width=800","2026-09-14 19:08:11"
"https://gympluscoffee.com/cdn/shop/files/ECOM-KNIT-HALF-ZIP-GRAPE-NOIR-5.jpg?v=1786121898&width=1200","image/jpeg","200","OK","Indexable","","","0","0","","0","0","","0","","0","","0","","0","","","","","","","","","","626753","626753","626753","92.885","","0","","","","","0.000","2","3","","0","0","0","0.000","0","0","0","0","0","0","","","","","","0.642","Mon, 14 Sep 2026 18:08:11 GMT","","","","","1.1","","","","","","https://gympluscoffee.com/cdn/shop/files/ECOM-KNIT-HALF-ZIP-GRAPE-NOIR-5.jpg?v=1786121898&width=1200","2026-09-14 19:08:11"
"https://gympluscoffee.com/cdn/shop/files/ECOM-KNIT-HALF-ZIP-GRAPE-NOIR-3.jpg?v=1786121898&width=1200","image/jpeg","200","OK","Indexable","","","0","0","","0","0","","0","","0","","0","","0","","","","","","","","","","374417","374417","374417","55.489","","0","","","","","0.000","2","3","","0","0","0","0.000","0","0","0","0","0","0","","","","","","0.676","Mon, 14 Sep 2026 18:08:11 GMT","","","","","1.1","","","","","","https://gympluscoffee.com/cdn/shop/files/ECOM-KNIT-HALF-ZIP-GRAPE-NOIR-3.jpg?v=1786121898&width=1200","2026-09-14 19:08:11"
"https://gympluscoffee.com/cdn/shop/files/ECOM-FLATLAY-KNIT-HALF-ZIP-FIG-2.jpg?v=1787652744&width=1200","image/jpeg","200","OK","Indexable","","","0","0","","0","0","","0","","0","","0","","0","","","","","","","","","","498112","498112","498112","73.820","","0","","","","","0.000","2","3","","0","0","0","0.000","0","0","0","0","0","0","","","","","","0.750","Mon, 14 Sep 2026 18:08:11 GMT","","","","","1.1","","","","","","https://gympluscoffee.com/cdn/shop/files/ECOM-FLATLAY-KNIT-HALF-ZIP-FIG-2.jpg?v=1787652744&width=1200","2026-09-14 19:08:11"
